season,id,name,short_name,description,home_team,away_team,toss_won,decision,1st_inning_score,2nd_inning_score,home_score,away_score,winner,result,start_date,end_date,venue_id,venue_name,home_captain,away_captain,pom,points,super_over,home_overs,home_runs,home_wickets,home_boundaries,away_overs,away_runs,away_wickets,away_boundaries,highlights,home_key_batsman,home_key_bowler,home_playx1,away_playx1,away_key_batsman,away_key_bowler,match_days,umpire1,umpire2,tv_umpire,referee,reserve_umpire
2023,1359475,Gujarat Titans v Chennai Super Kings,GT v CSK,"1st Match (N), Indian Premier League at Ahmedabad, Mar 31 2023",GT,CSK,GT,BOWL FIRST,178/7,182/5,182/5,178/7,GT,Titans won by 5 wkts (4b rem),2023-03-31T14:00Z,2023-04-01T23:59Z,57851,"Narendra Modi Stadium, Motera, Ahmedabad",Hardik Pandya,MS Dhoni,Rashid Khan,"Gujarat Titans 2, Chennai Super Kings 0",False,19.2,182,5,23,20,178,7,23,"Gill, Rashid lead defending champions Gujarat Titans to victory in IPL 2023 opener. Ruturaj Gaikwad scored 92 but Chennai Super Kings managed only 178 in Ahmedabad","Shubman Gill,Vijay Shankar","Rashid Khan,Mohammed Shami","Wriddhiman Saha (WK),Shubman Gill (UKN),Sai Sudharsan (UKN),Hardik Pandya (AR),Vijay Shankar (AR),Rahul Tewatia (AR),Rashid Khan (AR),Mohammed Shami (BL),Josh Little (BL),Yash Dayal (BL),Alzarri Joseph (BL),Kane Williamson (UKN)","Devon Conway (UKN),Ruturaj Gaikwad (UKN),Moeen Ali (AR),Ben Stokes (AR),Ambati Rayudu (UKN),Shivam Dube (AR),Ravindra Jadeja (AR),MS Dhoni (WK),Mitchell Santner (AR),Deepak Chahar (BL),Rajvardhan Hangargekar (AR),Tushar Deshpande (BL)","Ruturaj Gaikwad,Moeen Ali","Rajvardhan Hangargekar,Ravindra Jadeja",31 March 2023 - night match (20-over match),Saiyed Khalid,Nitin Menon,Virender Sharma,Javagal Srinath,Abhijit Bengeri
2023,1359476,Punjab Kings v Kolkata Knight Riders,PBKS v KKR,"2nd Match (D/N), Indian Premier League at Chandigarh, Apr 1 2023",PBKS,KKR,KKR,BOWL FIRST,191/5,146/7,191/5,146/7,PBKS,Punjab Kings won by 7 runs (DLS),2023-04-01T10:00Z,2023-04-02T23:59Z,57991,"Punjab Cricket Association IS Bindra Stadium, Mohali, Chandigarh",Shikhar Dhawan,Nitish Rana,Arshdeep Singh,"Punjab Kings 2, Kolkata Knight Riders 0",False,20,191,5,26,16,146,7,20,"Arshdeep, Rajapaksa lead Punjab Kings to victory in rain-hit game. Knight Riders, behind for most parts of the game, almost got to the DLS target thanks to Andre Russell and Venkatesh Iyer","Bhanuka Rajapaksa,Shikhar Dhawan","Arshdeep Singh,Rahul Chahar","Prabhsimran Singh (UKN),Shikhar Dhawan (UKN),Bhanuka Rajapaksa (UKN),Jitesh Sharma (WK),Sikandar Raza (AR),Sam Curran (AR),M Shahrukh Khan (UKN),Harpreet Brar (BL),Rahul Chahar (BL),Arshdeep Singh (BL),Nathan Ellis (BL),Rishi Dhawan (AR)","Mandeep Singh (AR),Rahmanullah Gurbaz (WK),Anukul Roy (AR),Venkatesh Iyer (AR),Nitish Rana (UKN),Rinku Singh (UKN),Andre Russell (AR),Shardul Thakur (BL),Sunil Narine (AR),Tim Southee (BL),Umesh Yadav (BL),Varun Chakravarthy (BL)","Andre Russell,Venkatesh Iyer","Tim Southee,Varun Chakravarthy",01 April 2023 - day/night match (20-over match),Yeshwant Barde,Bruce Oxenford,Jayaraman Madanagopal,Manu Nayyar,Pranav Joshi
2023,1359477,Lucknow Super Giants v Delhi Capitals,LSG v DC,"3rd Match (N), Indian Premier League at Lucknow, Apr 1 2023",LSG,DC,DC,BOWL FIRST,193/6,143/9,193/6,143/9,LSG,Super Giants won by 50 runs,2023-04-01T14:00Z,2023-04-02T23:59Z,1070094,"Bharat Ratna Shri Atal Bihari Vajpayee Ekana Cricket Stadium, Lucknow",KL Rahul,David Warner,Mark Wood,"Lucknow Super Giants 2, Delhi Capitals 0",False,20,193,6,21,20,143,9,17,"Wood five-for, Mayers 73 stud Super Giants' win. Capitals struggled against Super Giants' bowlers in the 194 chase on a challenging pitch","Kyle Mayers,Nicholas Pooran","Mark Wood,Avesh Khan","KL Rahul (UKN),Kyle Mayers (AR),Deepak Hooda (AR),Krunal Pandya (AR),Marcus Stoinis (AR),Nicholas Pooran (WK),Ayush Badoni (UKN),Krishnappa Gowtham (AR),Avesh Khan (BL),Ravi Bishnoi (BL),Jaydev Unadkat (BL),Mark Wood (BL)","Prithvi Shaw (UKN),David Warner (UKN),Mitchell Marsh (AR),Sarfaraz Khan (WK),Rilee Rossouw (UKN),Rovman Powell (UKN),Aman Hakim Khan (AR),Axar Patel (AR),Kuldeep Yadav (BL),Chetan Sakariya (BL),Mukesh Kumar (BL),Khaleel Ahmed (BL)","David Warner,Rilee Rossouw","Khaleel Ahmed,Chetan Sakariya",01 April 2023 - night match (20-over match),Anil Chaudhary,Nikhil Patwardhan,Sadashiv Iyer,Daniel Manohar,Madanagopal Kuppuraj
2023,1359478,Sunrisers Hyderabad v Rajasthan Royals,SRH v RR,"4th Match (D/N), Indian Premier League at Hyderabad, Apr 2 2023",SRH,RR,SRH,BOWL FIRST,203/5,131/8,131/8,203/5,RR,Royals won by 72 runs,2023-04-02T10:00Z,2023-04-03T23:59Z,58142,"Rajiv Gandhi International Stadium, Uppal, Hyderabad",Bhuvneshwar Kumar,Sanju Samson,Jos Buttler,"Rajasthan Royals 2, Sunrisers Hyderabad 0",False,20,131,8,13,20,203,5,29,"Buttler and Boult trigger demolition of Sunrisers. Samson and Jaiswal scored fifties, and Chahal took a four-wicket haul, in Royals' 72-run victory","Abdul Samad,Mayank Agarwal","T Natarajan,Fazalhaq Farooqi","Abhishek Sharma (AR),Mayank Agarwal (UKN),Rahul Tripathi (UKN),Harry Brook (UKN),Washington Sundar (AR),Glenn Phillips (WK),Abdul Samad (UKN),Adil Rashid (BL),Bhuvneshwar Kumar (BL),Umran Malik (BL),T Natarajan (BL),Fazalhaq Farooqi (BL)","Yashasvi Jaiswal (UKN),Jos Buttler (UKN),Sanju Samson (WK),Devdutt Padikkal (UKN),Riyan Parag (UKN),Shimron Hetmyer (UKN),Ravichandran Ashwin (AR),Jason Holder (AR),Trent Boult (BL),KM Asif (BL),Yuzvendra Chahal (BL),Navdeep Saini (BL)","Sanju Samson,Yashasvi Jaiswal","Yuzvendra Chahal,Trent Boult",02 April 2023 - day/night match (20-over match),KN Ananthapadmanabhan,Rohan Pandit,Navdeep Singh,Narayanan Kutty,Abhijit Bhattacharya
2023,1359479,Royal Challengers Bangalore v Mumbai Indians,RCB v MI,"5th Match (N), Indian Premier League at Bengaluru, Apr 2 2023",RCB,MI,RCB,BOWL FIRST,171/7,172/2,172/2,171/7,RCB,RCB won by 8 wkts (22b rem),2023-04-02T14:00Z,2023-04-03T23:59Z,57897,"M.Chinnaswamy Stadium, Bengaluru",Faf du Plessis,Rohit Sharma,Faf du Plessis,"Royal Challengers Bangalore 2, Mumbai Indians 0",False,16.2,172,2,24,20,171,7,22,"Virat Kohli, Faf du Plessis help RCB brush aside Mumbai Indians. Tilak Varma's unbeaten 84 was the only positive for Mumbai as RCB romped home with 22 balls to spare","Virat Kohli,Faf du Plessis","Karn Sharma,Reece Topley","Virat Kohli (UKN),Faf du Plessis (UKN),Dinesh Karthik (WK),Glenn Maxwell (AR),Michael Bracewell (AR),Shahbaz Ahmed (AR),Harshal Patel (BL),Akash Deep (AR),Reece Topley (BL),Mohammed Siraj (BL),Karn Sharma (BL)","Rohit Sharma (UKN),Ishan Kishan (WK),Cameron Green (AR),Suryakumar Yadav (UKN),Tilak Varma (AR),Nehal Wadhera (UKN),Tim David (UKN),Hrithik Shokeen (BL),Arshad Khan (BL),Piyush Chawla (AR),Jofra Archer (BL),Jason Behrendorff (BL)","Tilak Varma,Nehal Wadhera","Arshad Khan,Cameron Green",02 April 2023 - night match (20-over match),Nitin Menon,Tapan Sharma,Virender Sharma,Javagal Srinath,Abhijit Bengeri
2023,1359480,Chennai Super Kings v Lucknow Super Giants,CSK v LSG,"6th Match (N), Indian Premier League at Chennai, Apr 3 2023",CSK,LSG,LSG,BOWL FIRST,217/7,205/7,217/7,205/7,CSK,Super Kings won by 12 runs,2023-04-03T14:00Z,2023-04-04T23:59Z,58008,"MA Chidambaram Stadium, Chepauk, Chennai",MS Dhoni,KL Rahul,Moeen Ali,"Chennai Super Kings 2, Lucknow Super Giants 0",False,20,217,7,28,20,205,7,22,"Gaikwad, Conway and Moeen give CSK a happy homecoming. They powered their way to 217 before the spinners strangled Lucknow Super Giants in their chase","Ruturaj Gaikwad,Devon Conway","Moeen Ali,Tushar Deshpande","Ruturaj Gaikwad (UKN),Devon Conway (UKN),Shivam Dube (AR),Moeen Ali (AR),Ben Stokes (AR),Ambati Rayudu (UKN),Ravindra Jadeja (AR),MS Dhoni (WK),Mitchell Santner (AR),Deepak Chahar (BL),Rajvardhan Hangargekar (AR),Tushar Deshpande (BL)","KL Rahul (UKN),Kyle Mayers (AR),Deepak Hooda (AR),Krunal Pandya (AR),Marcus Stoinis (AR),Nicholas Pooran (WK),Ayush Badoni (UKN),Krishnappa Gowtham (AR),Mark Wood (BL),Yash Thakur (BL),Ravi Bishnoi (BL),Avesh Khan (BL)","Kyle Mayers,Nicholas Pooran","Ravi Bishnoi,Mark Wood",03 April 2023 - night match (20-over match),Bruce Oxenford,Akshay Totre,Ulhas Gandhe,Manu Nayyar,Pranav Joshi
2023,1359481,Delhi Capitals v Gujarat Titans,DC v GT,"7th Match (N), Indian Premier League at Delhi, Apr 4 2023",DC,GT,GT,BOWL FIRST,162/8,163/4,162/8,163/4,GT,Titans won by 6 wkts (11b rem),2023-04-04T14:00Z,2023-04-05T23:59Z,58040,"Arun Jaitley Stadium, Delhi",David Warner,Hardik Pandya,Sai Sudharsan,"Gujarat Titans 2, Delhi Capitals 0",False,20,162,8,20,18.1,163,4,20,Sai Sudharsan sees Titans home after their quicks restrict Delhi Capitals. The defending champions have opened their title defence with two consecutive wins,"David Warner,Axar Patel","Anrich Nortje,Mitchell Marsh","David Warner (UKN),Prithvi Shaw (UKN),Mitchell Marsh (AR),Sarfaraz Khan (UKN),Rilee Rossouw (UKN),Abishek Porel (WK),Axar Patel (AR),Aman Hakim Khan (AR),Kuldeep Yadav (BL),Anrich Nortje (BL),Mukesh Kumar (BL),Khaleel Ahmed (BL)","Wriddhiman Saha (WK),Shubman Gill (UKN),Sai Sudharsan (UKN),Hardik Pandya (AR),Vijay Shankar (AR),David Miller (UKN),Rahul Tewatia (AR),Rashid Khan (AR),Alzarri Joseph (BL),Yash Dayal (BL),Mohammed Shami (BL),Josh Little (BL)","Sai Sudharsan,David Miller","Rashid Khan,Mohammed Shami",04 April 2023 - night match (20-over match),Nand Kishore,Sadashiv Iyer,Anil Chaudhary,Daniel Manohar,Madanagopal Kuppuraj
2023,1359482,Rajasthan Royals v Punjab Kings,RR v PBKS,"8th Match (N), Indian Premier League at Guwahati, Apr 5 2023",RR,PBKS,RR,BOWL FIRST,197/4,192/7,192/7,197/4,PBKS,Punjab Kings won by 5 runs,2023-04-05T14:00Z,2023-04-06T23:59Z,680295,"Barsapara Cricket Stadium, Guwahati",Sanju Samson,Shikhar Dhawan,Nathan Ellis,"Punjab Kings 2, Rajasthan Royals 0",False,20,192,7,23,20,197,4,26,"Dhawan, Ellis and Prabhsimran help Kings survive Impact Sub scare. The Royals youngster Jurel almost won it for them in the end as he went on a boundary-hitting spree with Hetmyer","Sanju Samson,Shimron Hetmyer","Jason Holder,Ravichandran Ashwin","Yashasvi Jaiswal (UKN),Ravichandran Ashwin (AR),Jos Buttler (UKN),Sanju Samson (WK),Devdutt Padikkal (UKN),Riyan Parag (UKN),Shimron Hetmyer (UKN),Dhruv Jurel (UKN),Jason Holder (AR),Trent Boult (BL),KM Asif (BL),Yuzvendra Chahal (BL)","Prabhsimran Singh (UKN),Shikhar Dhawan (UKN),Bhanuka Rajapaksa (UKN),Jitesh Sharma (WK),Sikandar Raza (AR),M Shahrukh Khan (UKN),Sam Curran (AR),Harpreet Brar (BL),Nathan Ellis (BL),Rahul Chahar (BL),Arshdeep Singh (BL),Rishi Dhawan (AR)","Shikhar Dhawan,Prabhsimran Singh","Nathan Ellis,Arshdeep Singh",05 April 2023 - night match (20-over match),KN Ananthapadmanabhan,Saidharshan Kumar,Rohan Pandit,Narayanan Kutty,Abhijit Bhattacharya
2023,1359483,Kolkata Knight Riders v Royal Challengers Bangalore,KKR v RCB,"9th Match (N), Indian Premier League at Kolkata, Apr 6 2023",KKR,RCB,RCB,BOWL FIRST,204/7,123,204/7,123,KKR,KKR won by 81 runs,2023-04-06T14:00Z,2023-04-07T23:59Z,57980,"Eden Gardens, Kolkata",Nitish Rana,Faf du Plessis,Shardul Thakur,"Kolkata Knight Riders 2, Royal Challengers Bangalore 0",False,20,204,7,27,17.4,123,10,16,"Shardul and spinners dismantle RCB. Coming in at 89 for 5, Shardul smashed 68 off 29 before Narine, Varun and Suyash derailed Royal Challengers' chase","Shardul Thakur,Rahmanullah Gurbaz","Varun Chakravarthy,Suyash Sharma","Rahmanullah Gurbaz (WK),Venkatesh Iyer (AR),Mandeep Singh (AR),Nitish Rana (UKN),Rinku Singh (UKN),Andre Russell (AR),Shardul Thakur (BL),Sunil Narine (AR),Umesh Yadav (BL),Tim Southee (BL),Varun Chakravarthy (BL),Suyash Sharma (BL)","Virat Kohli (UKN),Faf du Plessis (UKN),Michael Bracewell (AR),Glenn Maxwell (AR),Harshal Patel (BL),Shahbaz Ahmed (AR),Dinesh Karthik (WK),Anuj Rawat (UKN),David Willey (AR),Karn Sharma (BL),Akash Deep (AR),Mohammed Siraj (BL)","Faf du Plessis,Virat Kohli","David Willey,Karn Sharma",06 April 2023 - night match (20-over match),Virender Sharma,Vinod Seshan,Nitin Menon,Shakti Singh,Abhijit Bengeri
2023,1359484,Lucknow Super Giants v Sunrisers Hyderabad,LSG v SRH,"10th Match (N), Indian Premier League at Lucknow, Apr 7 2023",LSG,SRH,SRH,BAT FIRST,121/8,127/5,127/5,121/8,LSG,Super Giants won by 5 wkts (24b rem),2023-04-07T14:00Z,2023-04-08T23:59Z,1070094,"Bharat Ratna Shri Atal Bihari Vajpayee Ekana Cricket Stadium, Lucknow",KL Rahul,Aiden Markram,Krunal Pandya,"Lucknow Super Giants 2, Sunrisers Hyderabad 0",False,16,127,5,16,20,121,8,13,"Krunal's all-round display helps LSG brush Sunrisers aside. Mishra and Bishnoi also played their part in strangling Sunrisers on a slow, low Ekana surface","KL Rahul,Krunal Pandya","Krunal Pandya,Amit Mishra","Kyle Mayers (AR),KL Rahul (UKN),Deepak Hooda (AR),Krunal Pandya (AR),Marcus Stoinis (AR),Romario Shepherd (AR),Nicholas Pooran (WK),Yash Thakur (BL),Jaydev Unadkat (BL),Ravi Bishnoi (BL),Ayush Badoni (UKN),Amit Mishra (BL)","Anmolpreet Singh (WK),Mayank Agarwal (UKN),Rahul Tripathi (UKN),Aiden Markram (UKN),Harry Brook (UKN),Washington Sundar (AR),Abdul Samad (UKN),Adil Rashid (BL),Umran Malik (BL),Bhuvneshwar Kumar (BL),T Natarajan (BL),Fazalhaq Farooqi (BL)","Rahul Tripathi,Anmolpreet Singh","Adil Rashid,Fazalhaq Farooqi",07 April 2023 - night match (20-over match),Yeshwant Barde,Jayaraman Madanagopal,Bruce Oxenford,Manu Nayyar,Pranav Joshi
2023,1359485,Rajasthan Royals v Delhi Capitals,RR v DC,"11th Match (D/N), Indian Premier League at Guwahati, Apr 8 2023",RR,DC,DC,BOWL FIRST,199/4,142/9,199/4,142/9,RR,Royals won by 57 runs,2023-04-08T10:00Z,2023-04-09T23:59Z,680295,"Barsapara Cricket Stadium, Guwahati",Sanju Samson,David Warner,Yashasvi Jaiswal,"Rajasthan Royals 2, Delhi Capitals 0",False,20,199,4,30,20,142,9,15,"Yashasvi Jaiswal, Jos Buttler and Trent Boult help Royals thump Capitals. David Warner hung around for 65 off 55 but it was hardly enough as Delhi Capitals were consigned to their third straight loss at IPL 2023","Jos Buttler,Yashasvi Jaiswal","Yuzvendra Chahal,Trent Boult","Yashasvi Jaiswal (UKN),Jos Buttler (UKN),Sanju Samson (WK),Riyan Parag (UKN),Shimron Hetmyer (UKN),Dhruv Jurel (UKN),Jason Holder (AR),Ravichandran Ashwin (AR),Yuzvendra Chahal (BL),Trent Boult (BL),Sandeep Sharma (BL),Murugan Ashwin (BL)","Prithvi Shaw (UKN),David Warner (UKN),Manish Pandey (UKN),Rilee Rossouw (UKN),Lalit Yadav (AR),Axar Patel (AR),Rovman Powell (UKN),Abishek Porel (WK),Kuldeep Yadav (BL),Anrich Nortje (BL),Mukesh Kumar (BL),Khaleel Ahmed (BL)","David Warner,Lalit Yadav","Mukesh Kumar,Rovman Powell",08 April 2023 - day/night match (20-over match),Navdeep Singh,Saidharshan Kumar,KN Ananthapadmanabhan,Narayanan Kutty,Abhijit Bhattacharya
2023,1359486,Mumbai Indians v Chennai Super Kings,MI v CSK,"12th Match (N), Indian Premier League at Mumbai, Apr 8 2023",MI,CSK,CSK,BOWL FIRST,157/8,159/3,157/8,159/3,CSK,Super Kings won by 7 wkts (11b rem),2023-04-08T14:00Z,2023-04-09T23:59Z,58324,"Wankhede Stadium, Mumbai",Rohit Sharma,MS Dhoni,Ravindra Jadeja,"Chennai Super Kings 2, Mumbai Indians 0",False,20,157,8,19,18.1,159,3,19,"Jadeja, Santner and Rahane hand Mumbai a drubbing. Super Kings restricted the hosts to 157 before Rahane tonked a 27-ball 61 on his franchise debut","Ishan Kishan,Tim David","Kumar Kartikeya,Jason Behrendorff","Rohit Sharma (UKN),Ishan Kishan (WK),Cameron Green (AR),Suryakumar Yadav (UKN),Tilak Varma (AR),Arshad Khan (BL),Tim David (UKN),Tristan Stubbs (UKN),Hrithik Shokeen (BL),Piyush Chawla (AR),Jason Behrendorff (BL),Kumar Kartikeya (BL)","Devon Conway (UKN),Ruturaj Gaikwad (UKN),Ajinkya Rahane (UKN),Shivam Dube (AR),Ambati Rayudu (UKN),Ravindra Jadeja (AR),MS Dhoni (WK),Dwaine Pretorius (AR),Mitchell Santner (AR),Sisanda Magala (BL),Tushar Deshpande (BL),Deepak Chahar (BL)","Ajinkya Rahane,Ruturaj Gaikwad","Ravindra Jadeja,Mitchell Santner",08 April 2023 - night match (20-over match),Chris Gaffaney,Nikhil Patwardhan,Anil Chaudhary,Daniel Manohar,Madanagopal Kuppuraj
2023,1359487,Gujarat Titans v Kolkata Knight Riders,GT v KKR,"13th Match (D/N), Indian Premier League at Ahmedabad, Apr 9 2023",GT,KKR,GT,BAT FIRST,204/4,207/7,204/4,207/7,KKR,KKR won by 3 wkts (0b rem),2023-04-09T10:00Z,2023-04-10T23:59Z,57851,"Narendra Modi Stadium, Motera, Ahmedabad",Rashid Khan,Nitish Rana,Rinku Singh,"Kolkata Knight Riders 2, Gujarat Titans 0",False,20,204,4,25,20,207,7,30,"Rinku Singh goes 6, 6, 6, 6, 6 off last five balls to script miracle win for Knight Riders. The last over started with 29 needed. Then it was 28 from five balls. Then followed carnage, and an unlikely Knight Riders win","Vijay Shankar,Sai Sudharsan","Rashid Khan,Alzarri Joseph","Wriddhiman Saha (WK),Shubman Gill (UKN),Sai Sudharsan (UKN),Abhinav Manohar (AR),Vijay Shankar (AR),David Miller (UKN),Rahul Tewatia (AR),Rashid Khan (AR),Alzarri Joseph (BL),Mohammed Shami (BL),Yash Dayal (BL),Josh Little (BL)","Rahmanullah Gurbaz (WK),Narayan Jagadeesan (UKN),Venkatesh Iyer (AR),Nitish Rana (UKN),Rinku Singh (UKN),Andre Russell (AR),Sunil Narine (AR),Shardul Thakur (BL),Umesh Yadav (BL),Lockie Ferguson (BL),Varun Chakravarthy (BL),Suyash Sharma (BL)","Venkatesh Iyer,Rinku Singh","Sunil Narine,Suyash Sharma",09 April 2023 - day/night match (20-over match),Nitin Menon,Tapan Sharma,Saiyed Khalid,Javagal Srinath,Abhijit Bengeri
2023,1359488,Sunrisers Hyderabad v Punjab Kings,SRH v PBKS,"14th Match (N), Indian Premier League at Hyderabad, Apr 9 2023",SRH,PBKS,SRH,BOWL FIRST,143/9,145/2,145/2,143/9,SRH,Sunrisers won by 8 wkts (17b rem),2023-04-09T14:00Z,2023-04-10T23:59Z,58142,"Rajiv Gandhi International Stadium, Uppal, Hyderabad",Aiden Markram,Shikhar Dhawan,Shikhar Dhawan,"Sunrisers Hyderabad 2, Punjab Kings 0",False,17.1,145,2,25,20,143,9,23,Tripathi and Markande put Sunrisers on the board in IPL 2023. Dhawan made 99 but his team couldn't give him any support until the No. 11 came out and took an extremely minimal part in a fifty-run partnership,"Rahul Tripathi,Aiden Markram","Mayank Markande,Marco Jansen","Harry Brook (UKN),Mayank Agarwal (UKN),Rahul Tripathi (UKN),Aiden Markram (UKN),Heinrich Klaasen (WK),Washington Sundar (AR),Marco Jansen (AR),Mayank Markande (BL),Bhuvneshwar Kumar (BL),Umran Malik (BL),T Natarajan (BL)","Prabhsimran Singh (UKN),Shikhar Dhawan (UKN),Matthew Short (UKN),Jitesh Sharma (WK),Sam Curran (AR),Sikandar Raza (AR),M Shahrukh Khan (UKN),Harpreet Brar (BL),Rahul Chahar (BL),Nathan Ellis (BL),Mohit Rathee (AR),Arshdeep Singh (BL)","Shikhar Dhawan,Sam Curran","Arshdeep Singh,Rahul Chahar",09 April 2023 - night match (20-over match),Ulhas Gandhe,Bruce Oxenford,Jayaraman Madanagopal,Manu Nayyar,Pranav Joshi
2023,1359489,Royal Challengers Bangalore v Lucknow Super Giants,RCB v LSG,"15th Match (N), Indian Premier League at Bengaluru, Apr 10 2023",RCB,LSG,LSG,BOWL FIRST,212/2,213/9,212/2,213/9,LSG,Super Giants won by 1 wkt (0b rem),2023-04-10T14:00Z,2023-04-11T23:59Z,57897,"M.Chinnaswamy Stadium, Bengaluru",Faf du Plessis,KL Rahul,Nicholas Pooran,"Lucknow Super Giants 2, Royal Challengers Bangalore 0",False,20,212,2,27,20,213,9,29,"Lucknow Super Giants pull off thrilling win after Pooran, Stoinis blitz and dramatic finish. Lucknow Super Giants turned it around in the final few overs as they registered the highest chase of the IPL this season","Faf du Plessis,Virat Kohli","Mohammed Siraj,Wayne Parnell","Virat Kohli (UKN),Faf du Plessis (UKN),Glenn Maxwell (AR),Dinesh Karthik (WK),Mahipal Lomror (AR),Shahbaz Ahmed (AR),David Willey (AR),Wayne Parnell (BL),Harshal Patel (BL),Mohammed Siraj (BL),Karn Sharma (BL),Anuj Rawat (UKN)","Kyle Mayers (AR),KL Rahul (UKN),Deepak Hooda (AR),Krunal Pandya (AR),Marcus Stoinis (AR),Nicholas Pooran (WK),Ayush Badoni (UKN),Jaydev Unadkat (BL),Mark Wood (BL),Ravi Bishnoi (BL),Avesh Khan (BL),Amit Mishra (BL)","Marcus Stoinis,Nicholas Pooran","Mark Wood,Amit Mishra",10 April 2023 - night match (20-over match),Anil Chaudhary,Nand Kishore,Chris Gaffaney,Daniel Manohar,Madanagopal Kuppuraj
2023,1359490,Delhi Capitals v Mumbai Indians,DC v MI,"16th Match (N), Indian Premier League at Delhi, Apr 11 2023",DC,MI,MI,BOWL FIRST,172,173/4,172,173/4,MI,Mumbai won by 6 wkts (0b rem),2023-04-11T14:00Z,2023-04-12T23:59Z,58040,"Arun Jaitley Stadium, Delhi",David Warner,Rohit Sharma,Rohit Sharma,"Mumbai Indians 2, Delhi Capitals 0",False,19.4,172,10,25,20,173,4,24,"Chawla, Rohit star as Mumbai earn first points in last-ball thriller. Delhi remained winless after four games despite a brilliant final over from Anrich Nortje","Axar Patel,David Warner","Mukesh Kumar,Mustafizur Rahman","David Warner (UKN),Prithvi Shaw (UKN),Manish Pandey (UKN),Yash Dhull (UKN),Rovman Powell (UKN),Lalit Yadav (AR),Axar Patel (AR),Abishek Porel (WK),Kuldeep Yadav (BL),Anrich Nortje (BL),Mustafizur Rahman (BL),Mukesh Kumar (BL)","Rohit Sharma (UKN),Ishan Kishan (WK),Tilak Varma (AR),Suryakumar Yadav (UKN),Tim David (UKN),Cameron Green (AR),Nehal Wadhera (UKN),Hrithik Shokeen (BL),Arshad Khan (BL),Jason Behrendorff (BL),Piyush Chawla (AR),Riley Meredith (BL)","Rohit Sharma,Tilak Varma","Piyush Chawla,Jason Behrendorff",11 April 2023 - night match (20-over match),Michael Gough,Rohan Pandit,KN Ananthapadmanabhan,Narayanan Kutty,Abhijit Bhattacharya
2023,1359491,Chennai Super Kings v Rajasthan Royals,CSK v RR,"17th Match (N), Indian Premier League at Chennai, Apr 12 2023",CSK,RR,CSK,BOWL FIRST,175/8,172/6,172/6,175/8,RR,Royals won by 3 runs,2023-04-12T14:00Z,2023-04-13T23:59Z,58008,"MA Chidambaram Stadium, Chepauk, Chennai",MS Dhoni,Sanju Samson,Ravichandran Ashwin,"Rajasthan Royals 2, Chennai Super Kings 0",False,20,172,6,18,20,175,8,18,Royals hold off Dhoni and Jadeja in grandstand finish. Sandeep Sharma's last-ball yorker made Royals the first team to defend a sub-190 total this season,"Devon Conway,MS Dhoni","Ravindra Jadeja,Tushar Deshpande","Ruturaj Gaikwad (UKN),Devon Conway (UKN),Ajinkya Rahane (UKN),Shivam Dube (AR),Moeen Ali (AR),Ambati Rayudu (UKN),Ravindra Jadeja (AR),MS Dhoni (WK),Tushar Deshpande (BL),Maheesh Theekshana (BL),Akash Singh (BL),Sisanda Magala (BL)","Yashasvi Jaiswal (UKN),Jos Buttler (UKN),Devdutt Padikkal (UKN),Sanju Samson (WK),Ravichandran Ashwin (AR),Shimron Hetmyer (UKN),Dhruv Jurel (UKN),Jason Holder (AR),Adam Zampa (BL),Kuldeep Sen (BL),Sandeep Sharma (BL),Yuzvendra Chahal (BL)","Jos Buttler,Devdutt Padikkal","Ravichandran Ashwin,Yuzvendra Chahal",12 April 2023 - night match (20-over match),Virender Sharma,Vinod Seshan,Nitin Menon,Javagal Srinath,Abhijit Bengeri
2023,1359492,Punjab Kings v Gujarat Titans,PBKS v GT,"18th Match (N), Indian Premier League at Chandigarh, Apr 13 2023",PBKS,GT,GT,BOWL FIRST,153/8,154/4,153/8,154/4,GT,Titans won by 6 wkts (1b rem),2023-04-13T14:00Z,2023-04-14T23:59Z,57991,"Punjab Cricket Association IS Bindra Stadium, Mohali, Chandigarh",Shikhar Dhawan,Hardik Pandya,Mohit Sharma,"Gujarat Titans 2, Punjab Kings 0",False,20,153,8,21,19.5,154,4,18,Gill and Tewatia show their class as Titans return to winning ways. Kings struggled with the bat and leaked too many runs too early with the ball in a modest chase,"Matthew Short,Jitesh Sharma","Harpreet Brar,Sam Curran","Prabhsimran Singh (UKN),Shikhar Dhawan (UKN),Matthew Short (UKN),Bhanuka Rajapaksa (UKN),Jitesh Sharma (WK),Sam Curran (AR),M Shahrukh Khan (UKN),Harpreet Brar (BL),Rishi Dhawan (AR),Kagiso Rabada (BL),Arshdeep Singh (BL),Rahul Chahar (BL)","Wriddhiman Saha (WK),Shubman Gill (UKN),Sai Sudharsan (UKN),Hardik Pandya (AR),David Miller (UKN),Rahul Tewatia (AR),Rashid Khan (AR),Alzarri Joseph (BL),Mohammed Shami (BL),Mohit Sharma (BL),Josh Little (BL)","Shubman Gill,Wriddhiman Saha","Mohit Sharma,Rashid Khan",13 April 2023 - night match (20-over match),Jayaraman Madanagopal,Akshay Totre,Bruce Oxenford,Rajiv Seth,Pranav Joshi
2023,1359493,Kolkata Knight Riders v Sunrisers Hyderabad,KKR v SRH,"19th Match (N), Indian Premier League at Kolkata, Apr 14 2023",KKR,SRH,KKR,BOWL FIRST,228/4,205/7,205/7,228/4,SRH,Sunrisers won by 23 runs,2023-04-14T14:00Z,2023-04-15T23:59Z,57980,"Eden Gardens, Kolkata",Nitish Rana,Aiden Markram,Harry Brook,"Sunrisers Hyderabad 2, Kolkata Knight Riders 0",False,20,205,7,29,20,228,4,32,"Brook's unbeaten century gives Sunrisers enough to trump Knight Riders. Nitish Rana and Rinku Singh gave KKR a chance after SRH put up the biggest total of the season so far, but they fell well short in the end","Nitish Rana,Rinku Singh","Andre Russell,Varun Chakravarthy","Rahmanullah Gurbaz (WK),Narayan Jagadeesan (UKN),Venkatesh Iyer (AR),Sunil Narine (AR),Nitish Rana (UKN),Andre Russell (AR),Rinku Singh (UKN),Shardul Thakur (BL),Umesh Yadav (BL),Lockie Ferguson (BL),Varun Chakravarthy (BL),Suyash Sharma (BL)","Harry Brook (UKN),Mayank Agarwal (UKN),Rahul Tripathi (UKN),Aiden Markram (UKN),Abhishek Sharma (AR),Heinrich Klaasen (WK),Marco Jansen (AR),Mayank Markande (BL),Bhuvneshwar Kumar (BL),Umran Malik (BL),T Natarajan (BL),Washington Sundar (AR)","Harry Brook,Aiden Markram","Mayank Markande,Marco Jansen",14 April 2023 - night match (20-over match),Chris Gaffaney,Sadashiv Iyer,Nikhil Patwardhan,Daniel Manohar,Madanagopal Kuppuraj
2023,1359494,Royal Challengers Bangalore v Delhi Capitals,RCB v DC,"20th Match (D/N), Indian Premier League at Bengaluru, Apr 15 2023",RCB,DC,DC,BOWL FIRST,174/6,151/9,174/6,151/9,RCB,RCB won by 23 runs,2023-04-15T10:00Z,2023-04-16T23:59Z,57897,"M.Chinnaswamy Stadium, Bengaluru",Faf du Plessis,David Warner,Virat Kohli,"Royal Challengers Bangalore 2, Delhi Capitals 0",False,20,174,6,21,20,151,9,20,"RCB send Delhi Capitals crashing to their fifth straight defeat. Their bowlers, led by quicks Siraj and Vysakh, the debutant, put on a special show to put RCB on top after their had put up a modest-looking 174","Virat Kohli,Mahipal Lomror","Vijaykumar Vyshak,Mohammed Siraj","Virat Kohli (UKN),Faf du Plessis (UKN),Mahipal Lomror (AR),Glenn Maxwell (AR),Harshal Patel (BL),Shahbaz Ahmed (AR),Dinesh Karthik (WK),Anuj Rawat (UKN),Wanindu Hasaranga (AR),Wayne Parnell (BL),Mohammed Siraj (BL),Vijaykumar Vyshak (BL)","David Warner (UKN),Prithvi Shaw (UKN),Mitchell Marsh (AR),Yash Dhull (UKN),Manish Pandey (UKN),Abishek Porel (WK),Axar Patel (AR),Aman Hakim Khan (AR),Lalit Yadav (AR),Anrich Nortje (BL),Kuldeep Yadav (BL),Mustafizur Rahman (BL)","Manish Pandey,Anrich Nortje","Kuldeep Yadav,Mitchell Marsh",15 April 2023 - day/night match (20-over match),KN Ananthapadmanabhan,Saidharshan Kumar,Michael Gough,Amit Sharma,Abhijit Bhattacharya
2023,1359495,Lucknow Super Giants v Punjab Kings,LSG v PBKS,"21st Match (N), Indian Premier League at Lucknow, Apr 15 2023",LSG,PBKS,KXIP,BOWL FIRST,159/8,161/8,159/8,161/8,PBKS,Punjab Kings won by 2 wkts (3b rem),2023-04-15T14:00Z,2023-04-16T23:59Z,1070094,"Bharat Ratna Shri Atal Bihari Vajpayee Ekana Cricket Stadium, Lucknow",KL Rahul,Sam Curran,Sikandar Raza,"Punjab Kings 2, Lucknow Super Giants 0",False,20,159,8,17,19.3,161,8,22,"Raza and Shahrukh deliver for Punjab Kings in Shikhar Dhawan's absence. Punjab Kings rise to No. 4 in the points table, as Lucknow Super Giants suffer their first defeat at home this season","KL Rahul,Kyle Mayers","Yudhvir Singh,Ravi Bishnoi","KL Rahul (UKN),Kyle Mayers (AR),Deepak Hooda (AR),Krunal Pandya (AR),Nicholas Pooran (WK),Marcus Stoinis (AR),Ayush Badoni (UKN),Krishnappa Gowtham (AR),Yudhvir Singh (BL),Ravi Bishnoi (BL),Avesh Khan (BL),Mark Wood (BL)","Atharva Taide (AR),Prabhsimran Singh (UKN),Matthew Short (UKN),Harpreet Singh (UKN),Sikandar Raza (AR),Sam Curran (AR),Jitesh Sharma (WK),M Shahrukh Khan (UKN),Harpreet Brar (BL),Kagiso Rabada (BL),Arshdeep Singh (BL),Rahul Chahar (BL)","Sikandar Raza,Matthew Short","Sam Curran,Kagiso Rabada",15 April 2023 - night match (20-over match),Saiyed Khalid,Virender Sharma,Tapan Sharma,Shakti Singh,Abhijit Bengeri
,1359496,Mumbai Indians v Kolkata Knight Riders,MI v KKR,"22nd Match (D/N), Indian Premier League at Mumbai, Apr 16 2023",KKR,MI,,,,,185/6,"186/5 (17.4/20 ov, target 186)",MI,Mumbai won by 5 wkts (14b rem),2023-04-16T10:00Z,2023-04-17T23:59Z,58324,"Wankhede Stadium, Mumbai",,,,,,,,,,,,,,,,,,,,,,,,,,
2023,1359497,Gujarat Titans v Rajasthan Royals,GT v RR,"23rd Match (N), Indian Premier League at Ahmedabad, Apr 16 2023",GT,RR,RR,BOWL FIRST,177/7,179/7,177/7,179/7,RR,Royals won by 3 wkts (4b rem),2023-04-16T14:00Z,2023-04-17T23:59Z,57851,"Narendra Modi Stadium, Motera, Ahmedabad",Hardik Pandya,Sanju Samson,Shimron Hetmyer,"Rajasthan Royals 2, Gujarat Titans 0",False,20,177,7,20,19.2,179,7,25,"Hetmyer counter-attacks to take Royals clear at No. 1. For long periods of the chase Titans held a tight leash, but then they ran into Samson and Hetmyer","David Miller,Shubman Gill","Mohammed Shami,Rashid Khan","Wriddhiman Saha (WK),Shubman Gill (UKN),Sai Sudharsan (UKN),Hardik Pandya (AR),David Miller (UKN),Abhinav Manohar (AR),Rahul Tewatia (AR),Rashid Khan (AR),Alzarri Joseph (BL),Mohammed Shami (BL),Mohit Sharma (BL),Noor Ahmad (BL)","Yashasvi Jaiswal (UKN),Jos Buttler (UKN),Devdutt Padikkal (UKN),Sanju Samson (WK),Riyan Parag (UKN),Shimron Hetmyer (UKN),Dhruv Jurel (UKN),Ravichandran Ashwin (AR),Trent Boult (BL),Sandeep Sharma (BL),Adam Zampa (BL),Yuzvendra Chahal (BL)","Sanju Samson,Shimron Hetmyer","Sandeep Sharma,Adam Zampa",16 April 2023 - night match (20-over match),Anil Chaudhary,Chris Gaffaney,Nand Kishore,Prakash Bhatt,Madanagopal Kuppuraj
2023,1359498,Royal Challengers Bangalore v Chennai Super Kings,RCB v CSK,"24th Match (N), Indian Premier League at Bengaluru, Apr 17 2023",RCB,CSK,RCB,BOWL FIRST,226/6,218/8,218/8,226/6,CSK,Super Kings won by 8 runs,2023-04-17T14:00Z,2023-04-18T23:59Z,57897,"M.Chinnaswamy Stadium, Bengaluru",Faf du Plessis,MS Dhoni,Devon Conway,"Chennai Super Kings 2, Royal Challengers Bangalore 0",False,20,218,8,28,20,226,6,29,"Chennai Super Kings win run-fest despite Maxwell, du Plessis fireworks. Conway and Dube made merry as well as a record-equalling 33 sixes were hit at the Chinnaswamy","Glenn Maxwell,Faf du Plessis","Wanindu Hasaranga,Glenn Maxwell","Virat Kohli (UKN),Faf du Plessis (UKN),Mahipal Lomror (AR),Glenn Maxwell (AR),Shahbaz Ahmed (AR),Dinesh Karthik (WK),Suyash Prabhudessai (AR),Wayne Parnell (BL),Wanindu Hasaranga (AR),Harshal Patel (BL),Vijaykumar Vyshak (BL),Mohammed Siraj (BL)","Ruturaj Gaikwad (UKN),Devon Conway (UKN),Ajinkya Rahane (UKN),Shivam Dube (AR),Ambati Rayudu (UKN),Moeen Ali (AR),Ravindra Jadeja (AR),MS Dhoni (WK),Tushar Deshpande (BL),Maheesh Theekshana (BL),Matheesha Pathirana (BL),Akash Singh (BL)","Devon Conway,Shivam Dube","Tushar Deshpande,Matheesha Pathirana",17 April 2023 - night match (20-over match),KN Ananthapadmanabhan,Navdeep Singh,Michael Gough,Amit Sharma,Abhijit Bhattacharya
2023,1359499,Sunrisers Hyderabad v Mumbai Indians,SRH v MI,"25th Match (N), Indian Premier League at Hyderabad, Apr 18 2023",SRH,MI,SRH,BOWL FIRST,192/5,178,178,192/5,MI,Mumbai won by 14 runs,2023-04-18T14:00Z,2023-04-19T23:59Z,58142,"Rajiv Gandhi International Stadium, Uppal, Hyderabad",Aiden Markram,Rohit Sharma,Cameron Green,"Mumbai Indians 2, Sunrisers Hyderabad 0",False,19.5,178,10,22,20,192,5,28,"Green, Tilak Varma, Chawla fire Mumbai Indians to third win in a row. The result took Mumbai up two spots to No. 6 on the points table, while Sunrisers Hyderabad are still one place off the bottom","Mayank Agarwal,Heinrich Klaasen","Marco Jansen,Bhuvneshwar Kumar","Harry Brook (UKN),Mayank Agarwal (UKN),Rahul Tripathi (UKN),Aiden Markram (UKN),Abhishek Sharma (AR),Heinrich Klaasen (WK),Abdul Samad (UKN),Marco Jansen (AR),Washington Sundar (AR),Bhuvneshwar Kumar (BL),Mayank Markande (BL),T Natarajan (BL)","Rohit Sharma (UKN),Ishan Kishan (WK),Cameron Green (AR),Suryakumar Yadav (UKN),Tilak Varma (AR),Tim David (UKN),Nehal Wadhera (UKN),Arjun Tendulkar (BL),Hrithik Shokeen (BL),Piyush Chawla (AR),Jason Behrendorff (BL),Riley Meredith (BL)","Cameron Green,Ishan Kishan","Riley Meredith,Jason Behrendorff",18 April 2023 - night match (20-over match),Nitin Menon,Vinod Seshan,Virender Sharma,Shakti Singh,Abhijit Bengeri
2023,1359500,Rajasthan Royals v Lucknow Super Giants,RR v LSG,"26th Match (N), Indian Premier League at Jaipur, Apr 19 2023",RR,LSG,RR,BOWL FIRST,154/7,144/6,144/6,154/7,LSG,Super Giants won by 10 runs,2023-04-19T14:00Z,2023-04-20T23:59Z,58162,"Sawai Mansingh Stadium, Jaipur",Sanju Samson,KL Rahul,Marcus Stoinis,"Lucknow Super Giants 2, Rajasthan Royals 0",False,20,144,6,17,20,154,7,18,"Avesh, Stoinis help LSG pull off season's lowest defence. Hardly anyone got going for Rajasthan Royals after the openers Buttler and Jaiswal","Yashasvi Jaiswal,Jos Buttler","Ravichandran Ashwin,Trent Boult","Yashasvi Jaiswal (UKN),Jos Buttler (UKN),Sanju Samson (WK),Devdutt Padikkal (UKN),Shimron Hetmyer (UKN),Riyan Parag (UKN),Dhruv Jurel (UKN),Ravichandran Ashwin (AR),Jason Holder (AR),Trent Boult (BL),Sandeep Sharma (BL),Yuzvendra Chahal (BL)","KL Rahul (UKN),Kyle Mayers (AR),Ayush Badoni (UKN),Deepak Hooda (AR),Marcus Stoinis (AR),Nicholas Pooran (WK),Krunal Pandya (AR),Yudhvir Singh (BL),Naveen-ul-Haq (BL),Ravi Bishnoi (BL),Avesh Khan (BL),Amit Mishra (BL)","Kyle Mayers,KL Rahul","Avesh Khan,Marcus Stoinis",19 April 2023 - night match (20-over match),Yeshwant Barde,Jayaraman Madanagopal,Bruce Oxenford,Rajiv Seth,Pranav Joshi
2023,1359501,Punjab Kings v Royal Challengers Bangalore,PBKS v RCB,"27th Match (D/N), Indian Premier League at Chandigarh, Apr 20 2023",PBKS,RCB,KXIP,BOWL FIRST,174/4,150,150,174/4,RCB,RCB won by 24 runs,2023-04-20T10:00Z,2023-04-21T23:59Z,57991,"Punjab Cricket Association IS Bindra Stadium, Mohali, Chandigarh",Sam Curran,Virat Kohli,Mohammed Siraj,"Royal Challengers Bangalore 2, Punjab Kings 0",False,18.2,150,10,19,20,174,4,18,Du Plessis and Siraj work their magic in Royal Challengers Bangalore victory. Punjab Kings fell well short of a target of 174 on a pitch which was hard to bat on,"Prabhsimran Singh,Jitesh Sharma","Harpreet Brar,Arshdeep Singh","Atharva Taide (AR),Prabhsimran Singh (UKN),Matthew Short (UKN),Liam Livingstone (AR),Harpreet Singh (UKN),Sam Curran (AR),Jitesh Sharma (WK),M Shahrukh Khan (UKN),Harpreet Brar (BL),Nathan Ellis (BL),Arshdeep Singh (BL),Rahul Chahar (BL)","Virat Kohli (UKN),Faf du Plessis (UKN),Glenn Maxwell (AR),Dinesh Karthik (WK),Mahipal Lomror (AR),Shahbaz Ahmed (AR),Suyash Prabhudessai (AR),Wanindu Hasaranga (AR),Harshal Patel (BL),Wayne Parnell (BL),Mohammed Siraj (BL),Vijaykumar Vyshak (BL)","Faf du Plessis,Virat Kohli","Mohammed Siraj,Wanindu Hasaranga",20 April 2023 - day/night match (20-over match),Anil Chaudhary,Sadashiv Iyer,Chris Gaffaney,Prakash Bhatt,Madanagopal Kuppuraj
2023,1359502,Delhi Capitals v Kolkata Knight Riders,DC v KKR,"28th Match (N), Indian Premier League at Delhi, Apr 20 2023",DC,KKR,DC,BOWL FIRST,127,128/6,128/6,127,DC,Capitals won by 4 wkts (4b rem),2023-04-20T14:00Z,2023-04-21T23:59Z,58040,"Arun Jaitley Stadium, Delhi",David Warner,Nitish Rana,Ishant Sharma,"Delhi Capitals 2, Kolkata Knight Riders 0",False,19.2,128,6,17,20,127,10,16,"Bowlers, Warner end Capitals' losing streak. KKR's spinners made life difficult in a chase of 128, but the home team prevailed in the end","David Warner,Manish Pandey","Axar Patel,Kuldeep Yadav","David Warner (UKN),Prithvi Shaw (UKN),Mitchell Marsh (AR),Phil Salt (WK),Manish Pandey (UKN),Axar Patel (AR),Aman Hakim Khan (AR),Lalit Yadav (AR),Mukesh Kumar (BL),Kuldeep Yadav (BL),Anrich Nortje (BL),Ishant Sharma (BL)","Jason Roy (UKN),Litton Das (WK),Venkatesh Iyer (AR),Nitish Rana (UKN),Mandeep Singh (AR),Rinku Singh (UKN),Sunil Narine (AR),Andre Russell (AR),Anukul Roy (AR),Umesh Yadav (BL),Varun Chakravarthy (BL),Kulwant Khejroliya (BL)","Jason Roy,Andre Russell","Varun Chakravarthy,Nitish Rana",20 April 2023 - night match (20-over match),Michael Gough,Rohan Pandit,KN Ananthapadmanabhan,Amit Sharma,Abhijit Bhattacharya
2023,1359503,Chennai Super Kings v Sunrisers Hyderabad,CSK v SRH,"29th Match (N), Indian Premier League at Chennai, Apr 21 2023",CSK,SRH,CSK,BOWL FIRST,134/7,138/3,138/3,134/7,CSK,Super Kings won by 7 wkts (8b rem),2023-04-21T14:00Z,2023-04-22T23:59Z,58008,"MA Chidambaram Stadium, Chepauk, Chennai",MS Dhoni,Aiden Markram,Ravindra Jadeja,"Chennai Super Kings 2, Sunrisers Hyderabad 0",False,18.4,138,3,17,20,134,7,13,"Jadeja and Conway lead CSK to comprehensive win. Super Kings stay in third place, but are now level on points with Royals and Super Giants, the top two","Devon Conway,Ruturaj Gaikwad","Ravindra Jadeja,Akash Singh","Ruturaj Gaikwad (UKN),Devon Conway (UKN),Ajinkya Rahane (UKN),Ambati Rayudu (UKN),Moeen Ali (AR),Shivam Dube (AR),Ravindra Jadeja (AR),MS Dhoni (WK),Tushar Deshpande (BL),Maheesh Theekshana (BL),Matheesha Pathirana (BL),Akash Singh (BL)","Harry Brook (UKN),Abhishek Sharma (AR),Rahul Tripathi (UKN),Aiden Markram (UKN),Heinrich Klaasen (WK),Mayank Agarwal (UKN),Marco Jansen (AR),Washington Sundar (AR),Bhuvneshwar Kumar (BL),Mayank Markande (BL),Umran Malik (BL),Mayank Dagar (BL)","Abhishek Sharma,Rahul Tripathi","Mayank Markande,Aiden Markram",21 April 2023 - night match (20-over match),Saiyed Khalid,Virender Sharma,Nitin Menon,Shakti Singh,Abhijit Bengeri
2023,1359504,Lucknow Super Giants v Gujarat Titans,LSG v GT,"30th Match (D/N), Indian Premier League at Lucknow, Apr 22 2023",LSG,GT,GT,BAT FIRST,135/6,128/7,128/7,135/6,GT,Titans won by 7 runs,2023-04-22T10:00Z,2023-04-23T23:59Z,1070094,"Bharat Ratna Shri Atal Bihari Vajpayee Ekana Cricket Stadium, Lucknow",KL Rahul,Hardik Pandya,Mohit Sharma,"Gujarat Titans 2, Lucknow Super Giants 0",False,20,128,7,14,20,135,6,13,"Noor Ahmad, Mohit Sharma lead the way as Titans defend 135. Rahul struggled after a bright start as LSG went boundary-less for the last 45 balls of the chase","KL Rahul,Kyle Mayers","Krunal Pandya,Marcus Stoinis","KL Rahul (UKN),Kyle Mayers (AR),Krunal Pandya (AR),Nicholas Pooran (WK),Ayush Badoni (UKN),Marcus Stoinis (AR),Deepak Hooda (AR),Prerak Mankad (AR),Ravi Bishnoi (BL),Avesh Khan (BL),Naveen-ul-Haq (BL),Amit Mishra (BL)","Wriddhiman Saha (WK),Shubman Gill (UKN),Hardik Pandya (AR),Abhinav Manohar (AR),Vijay Shankar (AR),David Miller (UKN),Rahul Tewatia (AR),Rashid Khan (AR),Mohammed Shami (BL),Noor Ahmad (BL),Mohit Sharma (BL),Jayant Yadav (BL)","Hardik Pandya,Wriddhiman Saha","Noor Ahmad,Mohit Sharma",22 April 2023 - day/night match (20-over match),Akshay Totre,Rod Tucker,Jayaraman Madanagopal,Rajiv Seth,Pranav Joshi
2023,1359505,Mumbai Indians v Punjab Kings,MI v PBKS,"31st Match (N), Indian Premier League at Mumbai, Apr 22 2023",MI,PBKS,MI,BOWL FIRST,214/8,201/6,201/6,214/8,PBKS,Punjab Kings won by 13 runs,2023-04-22T14:00Z,2023-04-23T23:59Z,58324,"Wankhede Stadium, Mumbai",Rohit Sharma,Sam Curran,Sam Curran,"Punjab Kings 2, Mumbai Indians 0",False,20,201,6,28,20,214,8,30,Arshdeep magic trumps Suryakumar magic in super fun run-fest. The death overs was where this game came to life and Kings scoring 96 off their last five made a big difference,"Cameron Green,Suryakumar Yadav","Piyush Chawla,Cameron Green","Rohit Sharma (UKN),Ishan Kishan (WK),Cameron Green (AR),Suryakumar Yadav (UKN),Tim David (UKN),Tilak Varma (AR),Nehal Wadhera (UKN),Jofra Archer (BL),Arjun Tendulkar (BL),Hrithik Shokeen (BL),Piyush Chawla (AR),Jason Behrendorff (BL)","Matthew Short (UKN),Prabhsimran Singh (UKN),Atharva Taide (AR),Liam Livingstone (AR),Harpreet Singh (UKN),Sam Curran (AR),Jitesh Sharma (WK),M Shahrukh Khan (UKN),Harpreet Brar (BL),Arshdeep Singh (BL),Rahul Chahar (BL),Nathan Ellis (BL)","Sam Curran,Harpreet Singh","Arshdeep Singh,Liam Livingstone",22 April 2023 - night match (20-over match),Chris Gaffaney,Sadashiv Iyer,Anil Chaudhary,Prakash Bhatt,Madanagopal Kuppuraj
2023,1359506,Royal Challengers Bangalore v Rajasthan Royals,RCB v RR,"32nd Match (D/N), Indian Premier League at Bengaluru, Apr 23 2023",RCB,RR,RR,BOWL FIRST,189/9,182/6,189/9,182/6,RCB,RCB won by 7 runs,2023-04-23T10:00Z,2023-04-24T23:59Z,57897,"M.Chinnaswamy Stadium, Bengaluru",Virat Kohli,Sanju Samson,Glenn Maxwell,"Royal Challengers Bangalore 2, Rajasthan Royals 0",False,20,189,9,24,20,182,6,24,"Maxwell and du Plessis set RCB up for tight victory. Royals had their moments with ball and bat, but they ended up with too much to do in Harshal Patel's final over","Glenn Maxwell,Faf du Plessis","Harshal Patel,David Willey","Virat Kohli (UKN),Faf du Plessis (UKN),Shahbaz Ahmed (AR),Glenn Maxwell (AR),Mahipal Lomror (AR),Dinesh Karthik (WK),Suyash Prabhudessai (AR),Wanindu Hasaranga (AR),David Willey (AR),Vijaykumar Vyshak (BL),Mohammed Siraj (BL),Harshal Patel (BL)","Yashasvi Jaiswal (UKN),Jos Buttler (UKN),Devdutt Padikkal (UKN),Sanju Samson (WK),Shimron Hetmyer (UKN),Dhruv Jurel (UKN),Ravichandran Ashwin (AR),Abdul Basith (AR),Jason Holder (AR),Trent Boult (BL),Sandeep Sharma (BL),Yuzvendra Chahal (BL)","Devdutt Padikkal,Yashasvi Jaiswal","Trent Boult,Sandeep Sharma",23 April 2023 - day/night match (20-over match),Michael Gough,Saidharshan Kumar,Navdeep Singh,Amit Sharma,Abhijit Bhattacharya
2023,1359507,Kolkata Knight Riders v Chennai Super Kings,KKR v CSK,"33rd Match (N), Indian Premier League at Kolkata, Apr 23 2023",KKR,CSK,KKR,BOWL FIRST,235/4,186/8,186/8,235/4,CSK,Super Kings won by 49 runs,2023-04-23T14:00Z,2023-04-24T23:59Z,57980,"Eden Gardens, Kolkata",Nitish Rana,MS Dhoni,Ajinkya Rahane,"Chennai Super Kings 2, Kolkata Knight Riders 0",False,20,186,8,26,20,235,4,32,à®¹à®¾à®à¯à®°à®¿à®à¯ à®µà¯à®±à¯à®±à®¿à®à®³à¯à®à®©à¯ à®®à¯à®¤à®²à®¿à®à®¤à¯à®¤à¯à®à¯à®à¯ à®®à¯à®©à¯à®©à¯à®±à®¿à®¯ à®à®¿à®à®¸à¯à®à¯!. ,"Jason Roy,Rinku Singh","Kulwant Khejroliya,Suyash Sharma","Narayan Jagadeesan (WK),Sunil Narine (AR),Venkatesh Iyer (AR),Nitish Rana (UKN),Jason Roy (UKN),Rinku Singh (UKN),Andre Russell (AR),David Wiese (AR),Umesh Yadav (BL),Varun Chakravarthy (BL),Kulwant Khejroliya (BL),Suyash Sharma (BL)","Ruturaj Gaikwad (UKN),Devon Conway (UKN),Ajinkya Rahane (UKN),Shivam Dube (AR),Ravindra Jadeja (AR),MS Dhoni (WK),Moeen Ali (AR),Ambati Rayudu (UKN),Matheesha Pathirana (BL),Tushar Deshpande (BL),Maheesh Theekshana (BL),Akash Singh (BL)","Ajinkya Rahane,Devon Conway","Maheesh Theekshana,Tushar Deshpande",23 April 2023 - night match (20-over match),Nitin Menon,Tapan Sharma,Virender Sharma,Shakti Singh,Abhijit Bengeri
2023,1359508,Sunrisers Hyderabad v Delhi Capitals,SRH v DC,"34th Match (N), Indian Premier League at Hyderabad, Apr 24 2023",SRH,DC,DC,BAT FIRST,144/9,137/6,137/6,144/9,DC,Capitals won by 7 runs,2023-04-24T14:00Z,2023-04-25T23:59Z,58142,"Rajiv Gandhi International Stadium, Uppal, Hyderabad",Aiden Markram,David Warner,Axar Patel,"Delhi Capitals 2, Sunrisers Hyderabad 0",False,20,137,6,14,20,144,9,17,Delhi Capitals hang on to defend 144 against Sunrisers Hyderabad. Washington's all-round effort in vain for Sunrisers as they slide to fifth loss this season,"Mayank Agarwal,Heinrich Klaasen","Washington Sundar,Bhuvneshwar Kumar","Harry Brook (UKN),Mayank Agarwal (UKN),Rahul Tripathi (UKN),Abhishek Sharma (AR),Aiden Markram (UKN),Heinrich Klaasen (WK),Washington Sundar (AR),Marco Jansen (AR),Mayank Markande (BL),Bhuvneshwar Kumar (BL),Umran Malik (BL),T Natarajan (BL)","David Warner (UKN),Phil Salt (WK),Mitchell Marsh (AR),Sarfaraz Khan (UKN),Manish Pandey (UKN),Aman Hakim Khan (AR),Axar Patel (AR),Ripal Patel (UKN),Anrich Nortje (BL),Kuldeep Yadav (BL),Ishant Sharma (BL),Mukesh Kumar (BL)","Manish Pandey,Axar Patel","Axar Patel,Anrich Nortje",24 April 2023 - night match (20-over match),Jayaraman Madanagopal,Rod Tucker,Ulhas Gandhe,Rajiv Seth,Pranav Joshi
2023,1359509,Gujarat Titans v Mumbai Indians,GT v MI,"35th Match (N), Indian Premier League at Ahmedabad, Apr 25 2023",GT,MI,MI,BOWL FIRST,207/6,152/9,207/6,152/9,GT,Titans won by 55 runs,2023-04-25T14:00Z,2023-04-26T23:59Z,57851,"Narendra Modi Stadium, Motera, Ahmedabad",Hardik Pandya,Rohit Sharma,Abhinav Manohar,"Gujarat Titans 2, Mumbai Indians 0",False,20,207,6,26,20,152,9,17,"à®®à¯à®®à¯à®ªà¯à®¯à¯ à®µà¯à®´à¯à®¤à¯à®¤à®¿ 2-à®®à¯ à®à®à®¤à¯à®¤à¯à®à¯à®à¯ à®®à¯à®©à¯à®©à¯à®±à®¿à®¯ à®à¯à®à®°à®¾à®¤à¯!. à®ªà¯à®³à¯à®³à®¿à®à®³à¯ à®ªà®à¯à®à®¿à®¯à®²à®¿à®²à¯ à®à¯à®à®°à®¾à®¤à¯ 2-à®µà®¤à¯ à®à®à®¤à¯à®¤à¯à®à¯à®à¯ à®®à¯à®©à¯à®©à¯à®±, à®®à¯à®®à¯à®ªà¯ 7-à®µà®¤à¯ à®à®à®¤à¯à®¤à®¿à®²à¯ à®à®³à¯à®³à®¤à¯.","Shubman Gill,David Miller","Noor Ahmad,Rashid Khan","Wriddhiman Saha (WK),Shubman Gill (UKN),Hardik Pandya (AR),Vijay Shankar (AR),David Miller (UKN),Abhinav Manohar (AR),Rahul Tewatia (AR),Rashid Khan (AR),Mohit Sharma (BL),Mohammed Shami (BL),Noor Ahmad (BL),Josh Little (BL)","Rohit Sharma (UKN),Ishan Kishan (WK),Cameron Green (AR),Tilak Varma (AR),Suryakumar Yadav (UKN),Tim David (UKN),Nehal Wadhera (UKN),Piyush Chawla (AR),Arjun Tendulkar (BL),Jason Behrendorff (BL),Riley Meredith (BL),Kumar Kartikeya (BL)","Nehal Wadhera,Cameron Green","Piyush Chawla,Arjun Tendulkar",25 April 2023 - night match (20-over match),Anil Chaudhary,Nand Kishore,Chris Gaffaney,Satyajit Satbhai,Mohit Krishnadas
2023,1359510,Royal Challengers Bangalore v Kolkata Knight Riders,RCB v KKR,"36th Match (N), Indian Premier League at Bengaluru, Apr 26 2023",RCB,KKR,RCB,BOWL FIRST,200/5,179/8,179/8,200/5,KKR,KKR won by 21 runs,2023-04-26T14:00Z,2023-04-27T23:59Z,57897,"M.Chinnaswamy Stadium, Bengaluru",Virat Kohli,Nitish Rana,Varun Chakravarthy,"Kolkata Knight Riders 2, Royal Challengers Bangalore 0",False,20,179,8,19,20,200,5,28,Varun and Suyash wreck RCB's chase again. KKR's new opener Jason Roy set them up for a total of 200 by smashing 56 off 29 balls,"Virat Kohli,Mahipal Lomror","Wanindu Hasaranga,Vijaykumar Vyshak","Virat Kohli (UKN),Faf du Plessis (UKN),Shahbaz Ahmed (AR),Glenn Maxwell (AR),Mahipal Lomror (AR),Dinesh Karthik (WK),Suyash Prabhudessai (AR),Wanindu Hasaranga (AR),David Willey (AR),Vijaykumar Vyshak (BL),Mohammed Siraj (BL),Harshal Patel (BL)","Jason Roy (UKN),Narayan Jagadeesan (WK),Venkatesh Iyer (AR),Nitish Rana (UKN),Andre Russell (AR),Rinku Singh (UKN),David Wiese (AR),Sunil Narine (AR),Vaibhav Arora (BL),Umesh Yadav (BL),Varun Chakravarthy (BL),Suyash Sharma (BL)","Jason Roy,Nitish Rana","Varun Chakravarthy,Andre Russell",26 April 2023 - night match (20-over match),KN Ananthapadmanabhan,Rohan Pandit,Michael Gough,Amit Sharma,Abhijit Bhattacharya
2023,1359511,Rajasthan Royals v Chennai Super Kings,RR v CSK,"37th Match (N), Indian Premier League at Jaipur, Apr 27 2023",RR,CSK,RR,BAT FIRST,202/5,170/6,202/5,170/6,RR,Royals won by 32 runs,2023-04-27T14:00Z,2023-04-28T23:59Z,58162,"Sawai Mansingh Stadium, Jaipur",Sanju Samson,MS Dhoni,Yashasvi Jaiswal,"Rajasthan Royals 2, Chennai Super Kings 0",False,20,202,5,27,20,170,6,20,Jaiswal and Zampa take Royals to the top of the table. Rajasthan scored the first 200-plus total in the IPL in Jaipur to beat CSK for the second time this season,"Yashasvi Jaiswal,Dhruv Jurel","Adam Zampa,Ravichandran Ashwin","Yashasvi Jaiswal (UKN),Jos Buttler (UKN),Sanju Samson (WK),Shimron Hetmyer (UKN),Dhruv Jurel (UKN),Devdutt Padikkal (UKN),Ravichandran Ashwin (AR),Jason Holder (AR),Sandeep Sharma (BL),Yuzvendra Chahal (BL),Adam Zampa (BL),Kuldip Yadav (BL)","Ruturaj Gaikwad (UKN),Devon Conway (UKN),Ajinkya Rahane (UKN),Shivam Dube (AR),Ambati Rayudu (UKN),Moeen Ali (AR),Ravindra Jadeja (AR),MS Dhoni (WK),Matheesha Pathirana (BL),Tushar Deshpande (BL),Maheesh Theekshana (BL),Akash Singh (BL)","Shivam Dube,Ruturaj Gaikwad","Tushar Deshpande,Maheesh Theekshana",27 April 2023 - night match (20-over match),Yeshwant Barde,Akshay Totre,Rod Tucker,Manu Nayyar,Mohamed Rafi
2023,1359512,Punjab Kings v Lucknow Super Giants,PBKS v LSG,"38th Match (N), Indian Premier League at Chandigarh, Apr 28 2023",PBKS,LSG,KXIP,BOWL FIRST,257/5,201,201,257/5,LSG,Super Giants won by 56 runs,2023-04-28T14:00Z,2023-04-29T23:59Z,57991,"Punjab Cricket Association IS Bindra Stadium, Mohali, Chandigarh",Shikhar Dhawan,KL Rahul,Marcus Stoinis,"Lucknow Super Giants 2, Punjab Kings 0",False,19.5,201,10,26,20,257,5,41,"Stoinis, Mayers star in LSG's performance for the ages. They ended six runs short of the highest-ever IPL total, with Pooran and Badoni also contributing to the run-fest","Atharva Taide,Sikandar Raza","Kagiso Rabada,Liam Livingstone","Prabhsimran Singh (UKN),Shikhar Dhawan (UKN),Atharva Taide (AR),Sikandar Raza (AR),Liam Livingstone (AR),Sam Curran (AR),Jitesh Sharma (WK),M Shahrukh Khan (UKN),Rahul Chahar (BL),Kagiso Rabada (BL),Arshdeep Singh (BL),Gurnoor Brar (BL)","KL Rahul (UKN),Kyle Mayers (AR),Ayush Badoni (UKN),Marcus Stoinis (AR),Nicholas Pooran (WK),Deepak Hooda (AR),Krunal Pandya (AR),Naveen-ul-Haq (BL),Ravi Bishnoi (BL),Avesh Khan (BL),Yash Thakur (BL),Amit Mishra (BL)","Marcus Stoinis,Kyle Mayers","Yash Thakur,Naveen-ul-Haq",28 April 2023 - night match (20-over match),Nitin Menon,Vinod Seshan,Saiyed Khalid,Shakti Singh,VM  Dhokre
2023,1359513,Kolkata Knight Riders v Gujarat Titans,KKR v GT,"39th Match (D/N), Indian Premier League at Kolkata, Apr 29 2023",KKR,GT,GT,BOWL FIRST,179/7,180/3,179/7,180/3,GT,Titans won by 7 wkts (13b rem),2023-04-29T10:00Z,2023-04-30T23:59Z,57980,"Eden Gardens, Kolkata",Nitish Rana,Hardik Pandya,Josh Little,"Gujarat Titans 2, Kolkata Knight Riders 0",False,20,179,7,24,17.5,180,3,23,"Noor, Little, Gill, Shankar give clinical Gujarat Titans top spot. Gurbaz smashed 81 off 39 but found little support from his team-mates before the Titans batters sealed the chase","Rahmanullah Gurbaz,Andre Russell","Sunil Narine,Harshit Rana","Narayan Jagadeesan (WK),Rahmanullah Gurbaz (UKN),Shardul Thakur (BL),Venkatesh Iyer (AR),Nitish Rana (UKN),Rinku Singh (UKN),Andre Russell (AR),David Wiese (AR),Sunil Narine (AR),Harshit Rana (BL),Varun Chakravarthy (BL),Suyash Sharma (BL)","Wriddhiman Saha (WK),Shubman Gill (UKN),Hardik Pandya (AR),Vijay Shankar (AR),David Miller (UKN),Abhinav Manohar (AR),Rahul Tewatia (AR),Rashid Khan (AR),Noor Ahmad (BL),Mohammed Shami (BL),Josh Little (BL),Mohit Sharma (BL)","Vijay Shankar,Shubman Gill","Mohammed Shami,Noor Ahmad",29 April 2023 - day/night match (20-over match),Nikhil Patwardhan,Sadashiv Iyer,Chris Gaffaney,Satyajit Satbhai,Mohit Krishnadas
2023,1359514,Delhi Capitals v Sunrisers Hyderabad,DC v SRH,"40th Match (N), Indian Premier League at Delhi, Apr 29 2023",DC,SRH,SRH,BAT FIRST,197/6,188/6,188/6,197/6,SRH,Sunrisers won by 9 runs,2023-04-29T14:00Z,2023-04-30T23:59Z,58040,"Arun Jaitley Stadium, Delhi",David Warner,Aiden Markram,Mitchell Marsh,"Sunrisers Hyderabad 2, Delhi Capitals 0",False,20,188,6,22,20,197,6,26,"SRH overcome mighty Marsh to end losing streak. Abhishek, Klaasen and Markande shine for Sunrisers to keep Capitals rooted to the bottom of the points table","Mitchell Marsh,Phil Salt","Mitchell Marsh,Axar Patel","David Warner (UKN),Phil Salt (WK),Mitchell Marsh (AR),Manish Pandey (UKN),Priyam Garg (UKN),Sarfaraz Khan (UKN),Axar Patel (AR),Ripal Patel (UKN),Kuldeep Yadav (BL),Anrich Nortje (BL),Mukesh Kumar (BL),Ishant Sharma (BL)","Abhishek Sharma (AR),Mayank Agarwal (UKN),Rahul Tripathi (UKN),Aiden Markram (UKN),Harry Brook (UKN),Heinrich Klaasen (WK),Abdul Samad (UKN),Akeal Hosein (BL),Mayank Markande (BL),Bhuvneshwar Kumar (BL),Umran Malik (BL),T Natarajan (BL)","Abhishek Sharma,Heinrich Klaasen","Mayank Markande,Abhishek Sharma",29 April 2023 - night match (20-over match),Michael Gough,Navdeep Singh,Saidharshan Kumar,Narayanan Kutty,Parashar Joshi
2023,1359515,Chennai Super Kings v Punjab Kings,CSK v PBKS,"41st Match (D/N), Indian Premier League at Chennai, Apr 30 2023",CSK,PBKS,CSK,BAT FIRST,200/4,201/6,200/4,201/6,PBKS,Punjab Kings won by 4 wkts (0b rem),2023-04-30T10:00Z,2023-05-01T23:59Z,58008,"MA Chidambaram Stadium, Chepauk, Chennai",MS Dhoni,Shikhar Dhawan,Devon Conway,"Punjab Kings 2, Chennai Super Kings 0",False,20,200,4,29,20,201,6,22,Raza trumps Pathirana as Punjab Kings win last-ball thriller. Devon Conway's unbeaten 92 and MS Dhoni's late sixes took CSK to 200 but it didn't prove enough,"Devon Conway,Ruturaj Gaikwad","Tushar Deshpande,Ravindra Jadeja","Ruturaj Gaikwad (UKN),Devon Conway (UKN),Shivam Dube (AR),Moeen Ali (AR),Ravindra Jadeja (AR),MS Dhoni (WK),Ajinkya Rahane (UKN),Matheesha Pathirana (BL),Tushar Deshpande (BL),Maheesh Theekshana (BL),Ambati Rayudu (UKN),Akash Singh (BL)","Prabhsimran Singh (UKN),Shikhar Dhawan (UKN),Atharva Taide (AR),Liam Livingstone (AR),Sam Curran (AR),Jitesh Sharma (WK),M Shahrukh Khan (UKN),Sikandar Raza (AR),Harpreet Brar (BL),Rahul Chahar (BL),Arshdeep Singh (BL),Kagiso Rabada (BL)","Prabhsimran Singh,Liam Livingstone","Rahul Chahar,Sikandar Raza",30 April 2023 - day/night match (20-over match),Ulhas Gandhe,Rod Tucker,Yeshwant Barde,Manu Nayyar,Mohamed Rafi
2023,1359516,Mumbai Indians v Rajasthan Royals,MI v RR,"42nd Match (N), Indian Premier League at Mumbai, Apr 30 2023",MI,RR,RR,BAT FIRST,212/7,214/4,214/4,212/7,MI,Mumbai won by 6 wkts (3b rem),2023-04-30T14:00Z,2023-05-01T23:59Z,58324,"Wankhede Stadium, Mumbai",Rohit Sharma,Sanju Samson,Yashasvi Jaiswal,"Mumbai Indians 2, Rajasthan Royals 0",False,19.3,214,4,31,20,212,7,32,"David goes 6, 6, 6 in final over to trump Jaiswal's stunning hundred. In the 1000th IPL game, Mumbai Indians become the first team in the tournament history to chase down a 200-plus total at the Wankhede","Suryakumar Yadav,Tim David","Arshad Khan,Piyush Chawla","Rohit Sharma (UKN),Ishan Kishan (WK),Cameron Green (AR),Suryakumar Yadav (UKN),Tilak Varma (AR),Tim David (UKN),Piyush Chawla (AR),Jofra Archer (BL),Kumar Kartikeya (BL),Riley Meredith (BL),Arshad Khan (BL)","Yashasvi Jaiswal (UKN),Jos Buttler (UKN),Sanju Samson (WK),Devdutt Padikkal (UKN),Jason Holder (AR),Shimron Hetmyer (UKN),Dhruv Jurel (UKN),Ravichandran Ashwin (AR),Trent Boult (BL),Sandeep Sharma (BL),Yuzvendra Chahal (BL),Kuldeep Sen (BL)","Yashasvi Jaiswal,Jos Buttler","Ravichandran Ashwin,Sandeep Sharma",30 April 2023 - night match (20-over match),Virender Sharma,Vinod Seshan,Tapan Sharma,Javagal Srinath,VM  Dhokre
2023,1359517,Lucknow Super Giants v Royal Challengers Bangalore,LSG v RCB,"43rd Match (N), Indian Premier League at Lucknow, May 1 2023",LSG,RCB,RCB,BAT FIRST,126/9,108,108,126/9,RCB,RCB won by 18 runs,2023-05-01T14:00Z,2023-05-02T23:59Z,1070094,"Bharat Ratna Shri Atal Bihari Vajpayee Ekana Cricket Stadium, Lucknow",KL Rahul,Faf du Plessis,Faf du Plessis,"Royal Challengers Bangalore 2, Lucknow Super Giants 0",False,19.5,108,10,12,20,126,9,8,"Bowlers do the job as RCB defend 126 to go fifth. In a low scorer on a black-soil pitch, RCB reduced the hosts to 38 for 5 and then 66 for 7 with Rahul injured","Krishnappa Gowtham,Amit Mishra","Naveen-ul-Haq,Ravi Bishnoi","Kyle Mayers (AR),Ayush Badoni (UKN),Krunal Pandya (AR),Deepak Hooda (AR),Marcus Stoinis (AR),Nicholas Pooran (WK),Krishnappa Gowtham (AR),Ravi Bishnoi (BL),Amit Mishra (BL),Naveen-ul-Haq (BL),KL Rahul (UKN),Yash Thakur (BL)","Virat Kohli (UKN),Faf du Plessis (UKN),Anuj Rawat (UKN),Glenn Maxwell (AR),Suyash Prabhudessai (AR),Dinesh Karthik (WK),Mahipal Lomror (AR),Wanindu Hasaranga (AR),Karn Sharma (BL),Mohammed Siraj (BL),Josh Hazlewood (BL),Harshal Patel (BL)","Faf du Plessis,Virat Kohli","Josh Hazlewood,Karn Sharma",01 May 2023 - night match (20-over match),Anil Chaudhary,Sadashiv Iyer,Nand Kishore,Prakash Bhatt,Mohit Krishnadas
2023,1359518,Gujarat Titans v Delhi Capitals,GT v DC,"44th Match (N), Indian Premier League at Ahmedabad, May 2 2023",GT,DC,DC,BAT FIRST,130/8,125/6,125/6,130/8,DC,Capitals won by 5 runs,2023-05-02T14:00Z,2023-05-03T23:59Z,57851,"Narendra Modi Stadium, Motera, Ahmedabad",Hardik Pandya,David Warner,Mohammed Shami,"Delhi Capitals 2, Gujarat Titans 0",False,20,125,6,13,20,130,8,14,Capitals rise from 23 for 5 to stun table-topping Titans. Aman Khan rescued them with the bat before Ishant Sharma sealed victory with a nerveless final over,"Hardik Pandya,Abhinav Manohar","Mohammed Shami,Mohit Sharma","Wriddhiman Saha (WK),Shubman Gill (UKN),Hardik Pandya (AR),Vijay Shankar (AR),David Miller (UKN),Abhinav Manohar (AR),Rahul Tewatia (AR),Rashid Khan (AR),Noor Ahmad (BL),Mohammed Shami (BL),Josh Little (BL),Mohit Sharma (BL)","Phil Salt (WK),David Warner (UKN),Priyam Garg (UKN),Rilee Rossouw (UKN),Manish Pandey (UKN),Axar Patel (AR),Aman Hakim Khan (AR),Ripal Patel (UKN),Anrich Nortje (BL),Kuldeep Yadav (BL),Ishant Sharma (BL),Khaleel Ahmed (BL)","Aman Hakim Khan,Axar Patel","Ishant Sharma,Khaleel Ahmed",02 May 2023 - night match (20-over match),Michael Gough,Rohan Pandit,KN Ananthapadmanabhan,Narayanan Kutty,Parashar Joshi
,1359519,Lucknow Super Giants v Chennai Super Kings,LSG v CSK,"45th Match (D/N), Indian Premier League at Lucknow, May 3 2023",LSG,CSK,,,,,125/7 (19.2/20 ov),,CSK,No result,2023-05-03T10:00Z,2023-05-04T23:59Z,1070094,"Bharat Ratna Shri Atal Bihari Vajpayee Ekana Cricket Stadium, Lucknow",,,,,,,,,,,,,,,,,,,,,,,,,,
2023,1359520,Punjab Kings v Mumbai Indians,PBKS v MI,"46th Match (N), Indian Premier League at Chandigarh, May 3 2023",PBKS,MI,MI,BOWL FIRST,214/3,216/4,214/3,216/4,MI,Mumbai won by 6 wkts (7b rem),2023-05-03T14:00Z,2023-05-04T23:59Z,57991,"Punjab Cricket Association IS Bindra Stadium, Mohali, Chandigarh",Shikhar Dhawan,Rohit Sharma,Ishan Kishan,"Mumbai Indians 2, Punjab Kings 0",False,20,214,3,27,18.5,216,4,32,Mumbai Indians ease to 215 target courtesy Kishan-Suryakumar show. Liam Livingstone and Jitesh Sharma's batting heroics for Punjab Kings went in vain at a run-fest in Mohali,"Liam Livingstone,Jitesh Sharma","Nathan Ellis,Rishi Dhawan","Prabhsimran Singh (UKN),Shikhar Dhawan (UKN),Matthew Short (UKN),Liam Livingstone (AR),Jitesh Sharma (WK),Sam Curran (AR),M Shahrukh Khan (UKN),Harpreet Brar (BL),Rishi Dhawan (AR),Rahul Chahar (BL),Arshdeep Singh (BL),Nathan Ellis (BL)","Rohit Sharma (UKN),Ishan Kishan (WK),Cameron Green (AR),Suryakumar Yadav (UKN),Tim David (UKN),Tilak Varma (AR),Nehal Wadhera (UKN),Piyush Chawla (AR),Jofra Archer (BL),Kumar Kartikeya (BL),Arshad Khan (BL),Akash Madhwal (BL)","Ishan Kishan,Suryakumar Yadav","Piyush Chawla,Arshad Khan",03 May 2023 - night match (20-over match),Jayaraman Madanagopal,Rod Tucker,Akshay Totre,Sanjay Raul,Mohamed Rafi
2023,1359521,Sunrisers Hyderabad v Kolkata Knight Riders,SRH v KKR,"47th Match (N), Indian Premier League at Hyderabad, May 4 2023",SRH,KKR,KKR,BAT FIRST,171/9,166/8,166/8,171/9,KKR,KKR won by 5 runs,2023-05-04T14:00Z,2023-05-05T23:59Z,58142,"Rajiv Gandhi International Stadium, Uppal, Hyderabad",Aiden Markram,Nitish Rana,Varun Chakravarthy,"Kolkata Knight Riders 2, Sunrisers Hyderabad 0",False,20,166,8,20,20,171,9,22,Varun's end-overs mastery seals improbable KKR win. Markram and Klaasen had put Sunrisers in control of their chase before the mystery spinner's choke,"Aiden Markram,Heinrich Klaasen","T Natarajan,Marco Jansen","Abhishek Sharma (AR),Mayank Agarwal (UKN),Rahul Tripathi (UKN),Aiden Markram (UKN),Harry Brook (UKN),Heinrich Klaasen (WK),Abdul Samad (UKN),Marco Jansen (AR),Bhuvneshwar Kumar (BL),Mayank Markande (BL),Kartik Tyagi (BL),T Natarajan (BL)","Jason Roy (UKN),Rahmanullah Gurbaz (WK),Venkatesh Iyer (AR),Nitish Rana (UKN),Rinku Singh (UKN),Andre Russell (AR),Sunil Narine (AR),Shardul Thakur (BL),Anukul Roy (AR),Harshit Rana (BL),Vaibhav Arora (BL),Varun Chakravarthy (BL)","Rinku Singh,Nitish Rana","Shardul Thakur,Vaibhav Arora",04 May 2023 - night match (20-over match),KN Ananthapadmanabhan,Michael Gough,Saidharshan Kumar,Narayanan Kutty,Parashar Joshi
2023,1359522,Rajasthan Royals v Gujarat Titans,RR v GT,"48th Match (N), Indian Premier League at Jaipur, May 5 2023",RR,GT,RR,BAT FIRST,118,119/1,118,119/1,GT,Titans won by 9 wkts (37b rem),2023-05-05T14:00Z,2023-05-06T23:59Z,58162,"Sawai Mansingh Stadium, Jaipur",Sanju Samson,Hardik Pandya,Rashid Khan,"Gujarat Titans 2, Rajasthan Royals 0",False,17.5,118,10,12,13.5,119,1,17,"Rashid, Noor run through Rajasthan Royals in Gujarat Titans' perfect game. Royals lose their fourth game in five outings, leaving them in a mid-table muddle","Sanju Samson,Trent Boult","Yuzvendra Chahal,Adam Zampa","Yashasvi Jaiswal (UKN),Jos Buttler (UKN),Sanju Samson (WK),Devdutt Padikkal (UKN),Ravichandran Ashwin (AR),Riyan Parag (UKN),Shimron Hetmyer (UKN),Dhruv Jurel (UKN),Trent Boult (BL),Adam Zampa (BL),Sandeep Sharma (BL),Yuzvendra Chahal (BL)","Wriddhiman Saha (WK),Shubman Gill (UKN),Hardik Pandya (AR),Rashid Khan (AR),David Miller (UKN),Vijay Shankar (AR),Rahul Tewatia (AR),Abhinav Manohar (AR),Noor Ahmad (BL),Mohammed Shami (BL),Josh Little (BL),Mohit Sharma (BL)","Wriddhiman Saha,Hardik Pandya","Rashid Khan,Noor Ahmad",05 May 2023 - night match (20-over match),Saiyed Khalid,Virender Sharma,Nitin Menon,Javagal Srinath,VM  Dhokre
2023,1359523,Chennai Super Kings v Mumbai Indians,CSK v MI,"49th Match (D/N), Indian Premier League at Chennai, May 6 2023",CSK,MI,CSK,BOWL FIRST,139/8,140/4,140/4,139/8,CSK,Super Kings won by 6 wkts (14b rem),2023-05-06T10:00Z,2023-05-07T23:59Z,58008,"MA Chidambaram Stadium, Chepauk, Chennai",MS Dhoni,Rohit Sharma,Matheesha Pathirana,"Chennai Super Kings 2, Mumbai Indians 0",False,17.4,140,4,16,20,139,8,16,"Pathirana leads Super Kings to Chepauk canter over Mumbai. Deshpande and Chahar did their bit with the ball too, and then it was over to Conway, Gaikwad and Dube to knock off the runs","Devon Conway,Ruturaj Gaikwad","Matheesha Pathirana,Deepak Chahar","Ruturaj Gaikwad (UKN),Devon Conway (UKN),Ajinkya Rahane (UKN),Ambati Rayudu (UKN),Shivam Dube (AR),MS Dhoni (WK),Moeen Ali (AR),Ravindra Jadeja (AR),Deepak Chahar (BL),Matheesha Pathirana (BL),Tushar Deshpande (BL),Maheesh Theekshana (BL)","Cameron Green (AR),Ishan Kishan (WK),Rohit Sharma (UKN),Nehal Wadhera (UKN),Suryakumar Yadav (UKN),Tristan Stubbs (UKN),Tim David (UKN),Arshad Khan (BL),Jofra Archer (BL),Piyush Chawla (AR),Akash Madhwal (BL),Raghav Goyal (BL)","Nehal Wadhera,Suryakumar Yadav","Piyush Chawla,Akash Madhwal",06 May 2023 - day/night match (20-over match),Navdeep Singh,Bruce Oxenford,KN Ananthapadmanabhan,Narayanan Kutty,Parashar Joshi
2023,1359524,Delhi Capitals v Royal Challengers Bangalore,DC v RCB,"50th Match (N), Indian Premier League at Delhi, May 6 2023",DC,RCB,RCB,BAT FIRST,181/4,187/3,187/3,181/4,DC,Capitals won by 7 wkts (20b rem),2023-05-06T14:00Z,2023-05-07T23:59Z,58040,"Arun Jaitley Stadium, Delhi",David Warner,Faf du Plessis,Phil Salt,"Delhi Capitals 2, Royal Challengers Bangalore 0",False,16.4,187,3,27,20,181,4,22,Phil Salt leads Delhi Capitals' takedown of RCB. DC finally rise from the bottom after winning four of their last five games,"Phil Salt,Rilee Rossouw","Mitchell Marsh,Mukesh Kumar","David Warner (UKN),Phil Salt (WK),Mitchell Marsh (AR),Rilee Rossouw (UKN),Axar Patel (AR),Aman Hakim Khan (AR),Manish Pandey (UKN),Kuldeep Yadav (BL),Mukesh Kumar (BL),Khaleel Ahmed (BL),Ripal Patel (UKN),Ishant Sharma (BL)","Virat Kohli (UKN),Faf du Plessis (UKN),Glenn Maxwell (AR),Mahipal Lomror (AR),Dinesh Karthik (WK),Anuj Rawat (UKN),Kedar Jadhav (AR),Wanindu Hasaranga (AR),Karn Sharma (BL),Mohammed Siraj (BL),Josh Hazlewood (BL),Harshal Patel (BL)","Virat Kohli,Mahipal Lomror","Josh Hazlewood,Harshal Patel",06 May 2023 - night match (20-over match),Yeshwant Barde,Rod Tucker,Jayaraman Madanagopal,Manu Nayyar,Mohamed Rafi
2023,1359525,Gujarat Titans v Lucknow Super Giants,GT v LSG,"51st Match (D/N), Indian Premier League at Ahmedabad, May 7 2023",GT,LSG,LSG,BOWL FIRST,227/2,171/7,227/2,171/7,GT,Titans won by 56 runs,2023-05-07T10:00Z,2023-05-08T23:59Z,57851,"Narendra Modi Stadium, Motera, Ahmedabad",Hardik Pandya,Krunal Pandya,Shubman Gill,"Gujarat Titans 2, Lucknow Super Giants 0",False,20,227,2,29,20,171,7,23,Saha and Gill's aggression sets up huge Titans win. Defending champions smash 227 against LSG to open up a three-point lead at the top of the table,"Shubman Gill,Wriddhiman Saha","Mohit Sharma,Noor Ahmad","Wriddhiman Saha (WK),Shubman Gill (UKN),Hardik Pandya (AR),David Miller (UKN),Vijay Shankar (AR),Rashid Khan (AR),Rahul Tewatia (AR),Abhinav Manohar (AR),Mohit Sharma (BL),Mohammed Shami (BL),Noor Ahmad (BL),Alzarri Joseph (BL)","Kyle Mayers (AR),Quinton de Kock (WK),Deepak Hooda (AR),Marcus Stoinis (AR),Nicholas Pooran (UKN),Ayush Badoni (UKN),Swapnil Singh (BL),Krunal Pandya (AR),Ravi Bishnoi (BL),Mohsin Khan (BL),Avesh Khan (BL),Yash Thakur (BL)","Quinton de Kock,Kyle Mayers","Avesh Khan,Mohsin Khan",07 May 2023 - day/night match (20-over match),Anil Chaudhary,Nand Kishore,Chris Gaffaney,Prakash Bhatt,Mohit Krishnadas
2023,1359526,Rajasthan Royals v Sunrisers Hyderabad,RR v SRH,"52nd Match (N), Indian Premier League at Jaipur, May 7 2023",RR,SRH,RR,BAT FIRST,214/2,217/6,214/2,217/6,SRH,Sunrisers won by 4 wkts (0b rem),2023-05-07T14:00Z,2023-05-08T23:59Z,58162,"Sawai Mansingh Stadium, Jaipur",Sanju Samson,Aiden Markram,Glenn Phillips,"Sunrisers Hyderabad 2, Rajasthan Royals 0",False,20,214,2,30,20,217,6,28,"Glenn Phillips and Abdul Samad pull off stunning heist for Sunrisers Hyderabad. Abdul Samad put a last-ball free hit in the stands to seal the deal, reducing a fantastic Buttler-Samson stand to a footnote","Jos Buttler,Sanju Samson","Yuzvendra Chahal,Ravichandran Ashwin","Yashasvi Jaiswal (UKN),Jos Buttler (UKN),Sanju Samson (WK),Shimron Hetmyer (UKN),Joe Root (UKN),Dhruv Jurel (UKN),Ravichandran Ashwin (AR),Sandeep Sharma (BL),Murugan Ashwin (BL),Kuldip Yadav (BL),Yuzvendra Chahal (BL),Obed McCoy (BL)","Anmolpreet Singh (UKN),Abhishek Sharma (AR),Rahul Tripathi (UKN),Heinrich Klaasen (WK),Aiden Markram (UKN),Glenn Phillips (UKN),Abdul Samad (UKN),Marco Jansen (AR),Vivrant Sharma (AR),Mayank Markande (BL),Bhuvneshwar Kumar (BL),T Natarajan (BL)","Abhishek Sharma,Rahul Tripathi","Bhuvneshwar Kumar,Marco Jansen",07 May 2023 - night match (20-over match),Nitin Menon,Vinod Seshan,Virender Sharma,Javagal Srinath,VM  Dhokre
2023,1359527,Kolkata Knight Riders v Punjab Kings,KKR v PBKS,"53rd Match (N), Indian Premier League at Kolkata, May 8 2023",KKR,PBKS,KXIP,BAT FIRST,179/7,182/5,182/5,179/7,KKR,KKR won by 5 wkts (0b rem),2023-05-08T14:00Z,2023-05-09T23:59Z,57980,"Eden Gardens, Kolkata",Nitish Rana,Shikhar Dhawan,Andre Russell,"Kolkata Knight Riders 2, Punjab Kings 0",False,20,182,5,26,20,179,7,27,Russell and Rinku star as KKR seal last-ball thriller. Arshdeep kept Punjab Kings in the game until the very end during an eventful final over,"Nitish Rana,Andre Russell","Varun Chakravarthy,Harshit Rana","Jason Roy (UKN),Rahmanullah Gurbaz (WK),Nitish Rana (UKN),Venkatesh Iyer (AR),Andre Russell (AR),Rinku Singh (UKN),Shardul Thakur (BL),Sunil Narine (AR),Harshit Rana (BL),Vaibhav Arora (BL),Varun Chakravarthy (BL),Suyash Sharma (BL)","Prabhsimran Singh (UKN),Shikhar Dhawan (UKN),Bhanuka Rajapaksa (UKN),Liam Livingstone (AR),Jitesh Sharma (WK),Sam Curran (AR),Rishi Dhawan (AR),M Shahrukh Khan (UKN),Harpreet Brar (BL),Rahul Chahar (BL),Arshdeep Singh (BL),Nathan Ellis (BL)","Shikhar Dhawan,M Shahrukh Khan","Rahul Chahar,Harpreet Brar",08 May 2023 - night match (20-over match),Jayaraman Madanagopal,Akshay Totre,Ulhas Gandhe,Sanjay Raul,Mohamed Rafi
2023,1359528,Mumbai Indians v Royal Challengers Bangalore,MI v RCB,"54th Match (N), Indian Premier League at Mumbai, May 9 2023",MI,RCB,MI,BOWL FIRST,199/6,200/4,200/4,199/6,MI,Mumbai won by 6 wkts (21b rem),2023-05-09T14:00Z,2023-05-10T23:59Z,58324,"Wankhede Stadium, Mumbai",Rohit Sharma,Faf du Plessis,Suryakumar Yadav,"Mumbai Indians 2, Royal Challengers Bangalore 0",False,16.3,200,4,29,20,199,6,29,"Mumbai mow down 200 to jump from eighth to third. Suryakumar, Wadhera hit fifties as Mumbai win with 21 balls and six wickets to spare","Suryakumar Yadav,Nehal Wadhera","Jason Behrendorff,Cameron Green","Ishan Kishan (WK),Rohit Sharma (UKN),Suryakumar Yadav (UKN),Nehal Wadhera (UKN),Tim David (UKN),Cameron Green (AR),Chris Jordan (BL),Piyush Chawla (AR),Jason Behrendorff (BL),Kumar Kartikeya (BL),Akash Madhwal (BL)","Virat Kohli (UKN),Faf du Plessis (UKN),Anuj Rawat (UKN),Glenn Maxwell (AR),Mahipal Lomror (AR),Dinesh Karthik (WK),Kedar Jadhav (AR),Wanindu Hasaranga (AR),Josh Hazlewood (BL),Mohammed Siraj (BL),Vijaykumar Vyshak (BL),Harshal Patel (BL)","Glenn Maxwell,Faf du Plessis","Vijaykumar Vyshak,Wanindu Hasaranga",09 May 2023 - night match (20-over match),Saiyed Khalid,Virender Sharma,Nitin Menon,Reetinder Sodhi,VM  Dhokre
2023,1359529,Chennai Super Kings v Delhi Capitals,CSK v DC,"55th Match (N), Indian Premier League at Chennai, May 10 2023",CSK,DC,CSK,BAT FIRST,167/8,140/8,167/8,140/8,CSK,Super Kings won by 27 runs,2023-05-10T14:00Z,2023-05-11T23:59Z,58008,"MA Chidambaram Stadium, Chepauk, Chennai",MS Dhoni,David Warner,Ravindra Jadeja,"Chennai Super Kings 2, Delhi Capitals 0",False,20,167,8,17,20,140,8,16,"Dube, Dhoni cameos and all-star bowling give CSK seventh win. Capitals stay stuck at No.10 on the points table after a poor performance with the bat","Shivam Dube,Ruturaj Gaikwad","Matheesha Pathirana,Deepak Chahar","Ruturaj Gaikwad (UKN),Devon Conway (UKN),Ajinkya Rahane (UKN),Moeen Ali (AR),Shivam Dube (AR),Ambati Rayudu (UKN),Ravindra Jadeja (AR),MS Dhoni (WK),Deepak Chahar (BL),Tushar Deshpande (BL),Maheesh Theekshana (BL),Matheesha Pathirana (BL)","David Warner (UKN),Phil Salt (WK),Mitchell Marsh (AR),Manish Pandey (UKN),Rilee Rossouw (UKN),Ripal Patel (UKN),Axar Patel (AR),Aman Hakim Khan (AR),Lalit Yadav (AR),Kuldeep Yadav (BL),Ishant Sharma (BL),Khaleel Ahmed (BL)","Rilee Rossouw,Manish Pandey","Mitchell Marsh,Axar Patel",10 May 2023 - night match (20-over match),Chris Gaffaney,Nikhil Patwardhan,Anil Chaudhary,Sanjay Verma,Mohit Krishnadas
2023,1359530,Kolkata Knight Riders v Rajasthan Royals,KKR v RR,"56th Match (N), Indian Premier League at Kolkata, May 11 2023",KKR,RR,RR,BOWL FIRST,149/8,151/1,149/8,151/1,RR,Royals won by 9 wkts (41b rem),2023-05-11T14:00Z,2023-05-12T23:59Z,57980,"Eden Gardens, Kolkata",Nitish Rana,Sanju Samson,Yashasvi Jaiswal,"Rajasthan Royals 2, Kolkata Knight Riders 0",False,20,149,8,16,13.1,151,1,24,"Jaiswal and Chahal smash records and KKR. After losing five of their previous six games, Royals scored a thumping win at Eden Gardens to keep their campaign alive","Venkatesh Iyer,Nitish Rana","Harshit Rana,Shardul Thakur","Jason Roy (UKN),Rahmanullah Gurbaz (WK),Venkatesh Iyer (AR),Nitish Rana (UKN),Andre Russell (AR),Rinku Singh (UKN),Shardul Thakur (BL),Anukul Roy (AR),Sunil Narine (AR),Harshit Rana (BL),Varun Chakravarthy (BL),Suyash Sharma (BL)","Yashasvi Jaiswal (UKN),Jos Buttler (UKN),Sanju Samson (WK),Joe Root (UKN),Dhruv Jurel (UKN),Shimron Hetmyer (UKN),Ravichandran Ashwin (AR),Sandeep Sharma (BL),KM Asif (BL),Trent Boult (BL),Yuzvendra Chahal (BL)","Yashasvi Jaiswal,Sanju Samson","Yuzvendra Chahal,Trent Boult",11 May 2023 - night match (20-over match),Saidharshan Kumar,Rod Tucker,Rohan Pandit,Pankaj Dharmani,Parashar Joshi
2023,1359531,Mumbai Indians v Gujarat Titans,MI v GT,"57th Match (N), Indian Premier League at Mumbai, May 12 2023",MI,GT,GT,BOWL FIRST,218/5,191/8,218/5,191/8,MI,Mumbai won by 27 runs,2023-05-12T14:00Z,2023-05-13T23:59Z,58324,"Wankhede Stadium, Mumbai",Rohit Sharma,Hardik Pandya,Suryakumar Yadav,"Mumbai Indians 2, Gujarat Titans 0",False,20,218,5,34,20,191,8,28,Suryakumar takes down the Titans with first IPL ton. Rashid Khan took four wickets and smashed 79 off 32 balls but it wasn't enough to beat Mumbai Indians,"Suryakumar Yadav,Ishan Kishan","Akash Madhwal,Piyush Chawla","Ishan Kishan (WK),Rohit Sharma (UKN),Suryakumar Yadav (UKN),Nehal Wadhera (UKN),Vishnu Vinod (UKN),Tim David (UKN),Cameron Green (AR),Chris Jordan (BL),Piyush Chawla (AR),Jason Behrendorff (BL),Kumar Kartikeya (BL),Akash Madhwal (BL)","Wriddhiman Saha (WK),Shubman Gill (UKN),Hardik Pandya (AR),Vijay Shankar (AR),David Miller (UKN),Abhinav Manohar (AR),Rahul Tewatia (AR),Rashid Khan (AR),Noor Ahmad (BL),Alzarri Joseph (BL),Mohammed Shami (BL),Mohit Sharma (BL)","Rashid Khan,David Miller","Rashid Khan,Mohit Sharma",12 May 2023 - night match (20-over match),Nitin Menon,Tapan Sharma,Vinod Seshan,Reetinder Sodhi,VM  Dhokre
2023,1359532,Sunrisers Hyderabad v Lucknow Super Giants,SRH v LSG,"58th Match (D/N), Indian Premier League at Hyderabad, May 13 2023",SRH,LSG,SRH,BAT FIRST,182/6,185/3,182/6,185/3,LSG,Super Giants won by 7 wkts (4b rem),2023-05-13T10:00Z,2023-05-14T23:59Z,58142,"Rajiv Gandhi International Stadium, Uppal, Hyderabad",Aiden Markram,Krunal Pandya,Prerak Mankad,"Lucknow Super Giants 2, Sunrisers Hyderabad 0",False,20,182,6,26,19.2,185,3,25,"Mankad 64, Pooran 13-ball 44 take LSG back to No. 4. With just eight points from 11 matches, Sunrisers are all but out of contention to make the playoffs","Heinrich Klaasen,Abdul Samad","Glenn Phillips,Mayank Markande","Anmolpreet Singh (UKN),Abhishek Sharma (AR),Rahul Tripathi (UKN),Aiden Markram (UKN),Heinrich Klaasen (WK),Glenn Phillips (UKN),Abdul Samad (UKN),Bhuvneshwar Kumar (BL),T Natarajan (BL),Mayank Markande (BL),Fazalhaq Farooqi (BL),Vivrant Sharma (AR)","Kyle Mayers (AR),Quinton de Kock (WK),Prerak Mankad (AR),Marcus Stoinis (AR),Nicholas Pooran (UKN),Krunal Pandya (AR),Yash Thakur (BL),Ravi Bishnoi (BL),Yudhvir Singh (BL),Avesh Khan (BL),Ayush Badoni (UKN),Amit Mishra (BL)","Prerak Mankad,Nicholas Pooran","Krunal Pandya,Yudhvir Singh",13 May 2023 - day/night match (20-over match),Jayaraman Madanagopal,Akshay Totre,Yeshwant Barde,Pankaj Dharmani,Mohamed Rafi
2023,1359533,Delhi Capitals v Punjab Kings,DC v PBKS,"59th Match (N), Indian Premier League at Delhi, May 13 2023",DC,PBKS,DC,BOWL FIRST,167/7,136/8,136/8,167/7,PBKS,Punjab Kings won by 31 runs,2023-05-13T14:00Z,2023-05-14T23:59Z,58040,"Arun Jaitley Stadium, Delhi",David Warner,Shikhar Dhawan,Prabhsimran Singh,"Punjab Kings 2, Delhi Capitals 0",False,20,136,8,19,20,167,7,21,"Prabhsimran, Brar knock Delhi Capitals out of IPL 2023. On a pitch where none of his team-mates crossed 20, Prabhsimran scored a 65-ball 103 to secure two crucial points for Kings","David Warner,Phil Salt","Ishant Sharma,Mukesh Kumar","David Warner (UKN),Phil Salt (WK),Mitchell Marsh (AR),Rilee Rossouw (UKN),Axar Patel (AR),Manish Pandey (UKN),Aman Hakim Khan (AR),Praveen Dubey (BL),Kuldeep Yadav (BL),Mukesh Kumar (BL),Ishant Sharma (BL),Khaleel Ahmed (BL)","Prabhsimran Singh (UKN),Shikhar Dhawan (UKN),Liam Livingstone (AR),Jitesh Sharma (WK),Sam Curran (AR),Harpreet Brar (BL),M Shahrukh Khan (UKN),Sikandar Raza (AR),Rishi Dhawan (AR),Rahul Chahar (BL),Arshdeep Singh (BL),Nathan Ellis (BL)","Prabhsimran Singh,Sam Curran","Harpreet Brar,Rahul Chahar",13 May 2023 - night match (20-over match),Chris Gaffaney,Nikhil Patwardhan,Sadashiv Iyer,Sanjay Verma,Mohit Krishnadas
2023,1359534,Rajasthan Royals v Royal Challengers Bangalore,RR v RCB,"60th Match (D/N), Indian Premier League at Jaipur, May 14 2023",RR,RCB,RCB,BAT FIRST,171/5,59,59,171/5,RCB,RCB won by 112 runs,2023-05-14T10:00Z,2023-05-15T23:59Z,58162,"Sawai Mansingh Stadium, Jaipur",Sanju Samson,Faf du Plessis,Wayne Parnell,"Royal Challengers Bangalore 2, Rajasthan Royals 0",False,10.3,59,10,8,20,171,5,19,RCB rout Royals for 59 to keep playoff hopes alive. Rajasthan Royals suffered a catastrophic collapse and were dismissed in 10.3 overs in Jaipur,"Shimron Hetmyer,Joe Root","Adam Zampa,KM Asif","Yashasvi Jaiswal (UKN),Jos Buttler (UKN),Sanju Samson (WK),Joe Root (UKN),Devdutt Padikkal (UKN),Shimron Hetmyer (UKN),Dhruv Jurel (UKN),Ravichandran Ashwin (AR),Adam Zampa (BL),Sandeep Sharma (BL),KM Asif (BL),Yuzvendra Chahal (BL)","Virat Kohli (UKN),Faf du Plessis (UKN),Glenn Maxwell (AR),Mahipal Lomror (AR),Dinesh Karthik (WK),Michael Bracewell (AR),Anuj Rawat (UKN),Wayne Parnell (BL),Karn Sharma (BL),Harshal Patel (BL),Mohammed Siraj (BL),Shahbaz Ahmed (AR)","Faf du Plessis,Glenn Maxwell","Wayne Parnell,Michael Bracewell",14 May 2023 - day/night match (20-over match),KN Ananthapadmanabhan,Navdeep Singh,Rod Tucker,Narayanan Kutty,Parashar Joshi
2023,1359535,Chennai Super Kings v Kolkata Knight Riders,CSK v KKR,"61st Match (N), Indian Premier League at Chennai, May 14 2023",CSK,KKR,CSK,BAT FIRST,144/6,147/4,144/6,147/4,KKR,KKR won by 6 wkts (9b rem),2023-05-14T14:00Z,2023-05-15T23:59Z,58008,"MA Chidambaram Stadium, Chepauk, Chennai",MS Dhoni,Nitish Rana,Rinku Singh,"Kolkata Knight Riders 2, Chennai Super Kings 0",False,20,144,6,12,18.3,147,4,17,"Rinku Singh, Nitish Rana silence Chepauk and keep Kolkata Knight Riders alive. Narine hits form too, meaning a question mark still hangs over CSK's playoff spot","Shivam Dube,Devon Conway","Deepak Chahar,Tushar Deshpande","Ruturaj Gaikwad (UKN),Devon Conway (UKN),Ajinkya Rahane (UKN),Ambati Rayudu (UKN),Shivam Dube (AR),Moeen Ali (AR),Ravindra Jadeja (AR),MS Dhoni (WK),Deepak Chahar (BL),Tushar Deshpande (BL),Maheesh Theekshana (BL),Matheesha Pathirana (BL)","Jason Roy (UKN),Rahmanullah Gurbaz (WK),Venkatesh Iyer (AR),Nitish Rana (UKN),Rinku Singh (UKN),Andre Russell (AR),Shardul Thakur (BL),Sunil Narine (AR),Vaibhav Arora (BL),Harshit Rana (BL),Varun Chakravarthy (BL),Suyash Sharma (BL)","Nitish Rana,Rinku Singh","Sunil Narine,Varun Chakravarthy",14 May 2023 - night match (20-over match),Tapan Sharma,Vinod Seshan,Nitin Menon,Javagal Srinath,VM  Dhokre
2023,1359536,Gujarat Titans v Sunrisers Hyderabad,GT v SRH,"62nd Match (N), Indian Premier League at Ahmedabad, May 15 2023",GT,SRH,SRH,BOWL FIRST,188/9,154/9,188/9,154/9,GT,Titans won by 34 runs,2023-05-15T14:00Z,2023-05-16T23:59Z,57851,"Narendra Modi Stadium, Motera, Ahmedabad",Hardik Pandya,Aiden Markram,Shubman Gill,"Gujarat Titans 2, Sunrisers Hyderabad 0",False,20,188,9,24,20,154,9,18,Gill and Shami seal top-two finish for Titans. Mohit Sharma also took four wickets to knock Sunrisers out of the playoffs race,"Shubman Gill,Sai Sudharsan","Mohammed Shami,Mohit Sharma","Wriddhiman Saha (WK),Shubman Gill (UKN),Sai Sudharsan (UKN),Hardik Pandya (AR),David Miller (UKN),Rahul Tewatia (AR),Dasun Shanaka (AR),Rashid Khan (AR),Noor Ahmad (BL),Mohammed Shami (BL),Mohit Sharma (BL),Yash Dayal (BL)","Anmolpreet Singh (UKN),Abhishek Sharma (AR),Aiden Markram (UKN),Rahul Tripathi (UKN),Heinrich Klaasen (WK),Sanvir Singh (AR),Abdul Samad (UKN),Marco Jansen (AR),Bhuvneshwar Kumar (BL),Mayank Markande (BL),Fazalhaq Farooqi (BL),T Natarajan (BL)","Heinrich Klaasen,Bhuvneshwar Kumar","Bhuvneshwar Kumar,Fazalhaq Farooqi",15 May 2023 - night match (20-over match),Ulhas Gandhe,Jayaraman Madanagopal,Akshay Totre,Manu Nayyar,Mohamed Rafi
2023,1359537,Lucknow Super Giants v Mumbai Indians,LSG v MI,"63rd Match (N), Indian Premier League at Lucknow, May 16 2023",LSG,MI,MI,BOWL FIRST,177/3,172/5,177/3,172/5,LSG,Super Giants won by 5 runs,2023-05-16T14:00Z,2023-05-17T23:59Z,1070094,"Bharat Ratna Shri Atal Bihari Vajpayee Ekana Cricket Stadium, Lucknow",Krunal Pandya,Rohit Sharma,Marcus Stoinis,"Lucknow Super Giants 2, Mumbai Indians 0",False,20,177,3,17,20,172,5,19,Marcus Stoinis brings the muscle in Lucknow's thrilling victory. Mumbai were in it until the very end but Mohsin Khan bowled a sensational final over,"Marcus Stoinis,Krunal Pandya","Ravi Bishnoi,Yash Thakur","Deepak Hooda (AR),Quinton de Kock (WK),Prerak Mankad (AR),Krunal Pandya (AR),Marcus Stoinis (AR),Nicholas Pooran (UKN),Ayush Badoni (UKN),Naveen-ul-Haq (BL),Ravi Bishnoi (BL),Swapnil Singh (BL),Mohsin Khan (BL),Yash Thakur (BL)","Ishan Kishan (WK),Rohit Sharma (UKN),Suryakumar Yadav (UKN),Nehal Wadhera (UKN),Tim David (UKN),Vishnu Vinod (UKN),Cameron Green (AR),Chris Jordan (BL),Hrithik Shokeen (BL),Piyush Chawla (AR),Jason Behrendorff (BL),Akash Madhwal (BL)","Ishan Kishan,Rohit Sharma","Jason Behrendorff,Piyush Chawla",16 May 2023 - night match (20-over match),Anil Chaudhary,Nand Kishore,Chris Gaffaney,Sanjay Verma,Mohit Krishnadas
,1359538,Punjab Kings v Delhi Capitals,PBKS v DC,"64th Match (N), Indian Premier League at Dharamsala, May 17 2023",DC,PBKS,,,,,213/2,"198/8 (20 ov, target 214)",DC,Capitals won by 15 runs,2023-05-17T14:00Z,2023-05-18T23:59Z,58056,"Himachal Pradesh Cricket Association Stadium, Dharamsala",,,,,,,,,,,,,,,,,,,,,,,,,,
2023,1359539,Sunrisers Hyderabad v Royal Challengers Bangalore,SRH v RCB,"65th Match (N), Indian Premier League at Hyderabad, May 18 2023",SRH,RCB,RCB,BOWL FIRST,186/5,187/2,186/5,187/2,RCB,RCB won by 8 wkts (4b rem),2023-05-18T14:00Z,2023-05-19T23:59Z,58142,"Rajiv Gandhi International Stadium, Uppal, Hyderabad",Aiden Markram,Faf du Plessis,Virat Kohli,"Royal Challengers Bangalore 2, Sunrisers Hyderabad 0",False,20,186,5,23,19.2,187,2,26,"Clinical Kohli, du Plessis keep RCB's fate in their hands. The opening pair bossed the chase after Klaasen's masterly 104 from 51 balls set a target of 187","Heinrich Klaasen,Harry Brook","T Natarajan,Bhuvneshwar Kumar","Abhishek Sharma (AR),Rahul Tripathi (UKN),Aiden Markram (UKN),Heinrich Klaasen (WK),Harry Brook (UKN),Glenn Phillips (UKN),Abdul Samad (UKN),Bhuvneshwar Kumar (BL),Kartik Tyagi (BL),Mayank Dagar (BL),Nitish Kumar Reddy (AR),T Natarajan (BL)","Virat Kohli (UKN),Faf du Plessis (UKN),Glenn Maxwell (AR),Michael Bracewell (AR),Mahipal Lomror (AR),Anuj Rawat (WK),Shahbaz Ahmed (AR),Harshal Patel (BL),Wayne Parnell (BL),Karn Sharma (BL),Mohammed Siraj (BL)","Virat Kohli,Faf du Plessis","Michael Bracewell,Mohammed Siraj",18 May 2023 - night match (20-over match),Bruce Oxenford,Virender Sharma,Saiyed Khalid,Javagal Srinath,VM  Dhokre
2023,1359540,Punjab Kings v Rajasthan Royals,PBKS v RR,"66th Match (N), Indian Premier League at Dharamsala, May 19 2023",PBKS,RR,RR,BOWL FIRST,187/5,189/6,187/5,189/6,RR,Royals won by 4 wkts (2b rem),2023-05-19T14:00Z,2023-05-20T23:59Z,58056,"Himachal Pradesh Cricket Association Stadium, Dharamsala",Shikhar Dhawan,Sanju Samson,Devdutt Padikkal,"Rajasthan Royals 2, Punjab Kings 0",False,20,187,5,26,19.4,189,6,27,"Padikkal, Hetmyer keep Royals in the hunt with last over-win. They now rely on RCB and Mumbai Indians to make the playoffs; Kings have been eliminated","Sam Curran,Jitesh Sharma","Kagiso Rabada,Rahul Chahar","Prabhsimran Singh (UKN),Shikhar Dhawan (UKN),Atharva Taide (AR),Liam Livingstone (AR),Sam Curran (AR),Jitesh Sharma (WK),M Shahrukh Khan (UKN),Harpreet Brar (BL),Rahul Chahar (BL),Kagiso Rabada (BL),Arshdeep Singh (BL),Nathan Ellis (BL)","Yashasvi Jaiswal (UKN),Jos Buttler (UKN),Devdutt Padikkal (UKN),Sanju Samson (WK),Shimron Hetmyer (UKN),Riyan Parag (UKN),Dhruv Jurel (UKN),Trent Boult (BL),Adam Zampa (BL),Navdeep Saini (BL),Sandeep Sharma (BL),Yuzvendra Chahal (BL)","Devdutt Padikkal,Yashasvi Jaiswal","Navdeep Saini,Adam Zampa",19 May 2023 - night match (20-over match),Nand Kishore,Rod Tucker,Navdeep Singh,Pankaj Dharmani,Parashar Joshi
2023,1359541,Delhi Capitals v Chennai Super Kings,DC v CSK,"67th Match (D/N), Indian Premier League at Delhi, May 20 2023",DC,CSK,CSK,BAT FIRST,223/3,146/9,146/9,223/3,CSK,Super Kings won by 77 runs,2023-05-20T10:00Z,2023-05-21T23:59Z,58040,"Arun Jaitley Stadium, Delhi",David Warner,MS Dhoni,Ruturaj Gaikwad,"Chennai Super Kings 2, Delhi Capitals 0",False,20,146,9,17,20,223,3,31,"Gaikwad, Conway script CSK's big win. For Delhi Capitals, the end was as tame as the start of the season","David Warner,Axar Patel","Chetan Sakariya,Anrich Nortje","Prithvi Shaw (UKN),David Warner (UKN),Phil Salt (WK),Rilee Rossouw (UKN),Yash Dhull (UKN),Axar Patel (AR),Aman Hakim Khan (AR),Lalit Yadav (AR),Anrich Nortje (BL),Kuldeep Yadav (BL),Chetan Sakariya (BL),Khaleel Ahmed (BL)","Ruturaj Gaikwad (UKN),Devon Conway (UKN),Shivam Dube (AR),MS Dhoni (WK),Ravindra Jadeja (AR),Ajinkya Rahane (UKN),Moeen Ali (AR),Ambati Rayudu (UKN),Deepak Chahar (BL),Tushar Deshpande (BL),Maheesh Theekshana (BL),Matheesha Pathirana (BL)","Devon Conway,Ruturaj Gaikwad","Deepak Chahar,Matheesha Pathirana",20 May 2023 - day/night match (20-over match),Chris Gaffaney,Nikhil Patwardhan,Anil Chaudhary,Sanjay Verma,Mohit Krishnadas
2023,1359542,Kolkata Knight Riders v Lucknow Super Giants,KKR v LSG,"68th Match (N), Indian Premier League at Kolkata, May 20 2023",KKR,LSG,KKR,BOWL FIRST,176/8,175/7,175/7,176/8,LSG,Super Giants won by 1 run,2023-05-20T14:00Z,2023-05-21T23:59Z,57980,"Eden Gardens, Kolkata",Nitish Rana,Krunal Pandya,Nicholas Pooran,"Lucknow Super Giants 2, Kolkata Knight Riders 0",False,20,175,7,24,20,176,8,22,"Pooran, Bishnoi seal Lucknow Super Giants' playoffs spot with thrilling one-run win. Rinku Singh nearly pulled off a stunning chase as KKR's campaign came to an end","Rinku Singh,Jason Roy","Sunil Narine,Shardul Thakur","Jason Roy (UKN),Venkatesh Iyer (AR),Nitish Rana (UKN),Rahmanullah Gurbaz (WK),Rinku Singh (UKN),Andre Russell (AR),Shardul Thakur (BL),Sunil Narine (AR),Vaibhav Arora (BL),Varun Chakravarthy (BL),Suyash Sharma (BL),Harshit Rana (BL)","Karan Sharma (AR),Quinton de Kock (WK),Prerak Mankad (AR),Marcus Stoinis (AR),Krunal Pandya (AR),Ayush Badoni (UKN),Nicholas Pooran (UKN),Krishnappa Gowtham (AR),Ravi Bishnoi (BL),Naveen-ul-Haq (BL),Mohsin Khan (BL),Yash Thakur (BL)","Nicholas Pooran,Quinton de Kock","Ravi Bishnoi,Yash Thakur",20 May 2023 - night match (20-over match),Ulhas Gandhe,Jayaraman Madanagopal,Yeshwant Barde,Manu Nayyar,Mohamed Rafi
2023,1359543,Mumbai Indians v Sunrisers Hyderabad,MI v SRH,"69th Match (D/N), Indian Premier League at Mumbai, May 21 2023",MI,SRH,MI,BOWL FIRST,200/5,201/2,201/2,200/5,MI,Mumbai won by 8 wkts (12b rem),2023-05-21T10:00Z,2023-05-22T23:59Z,58324,"Wankhede Stadium, Mumbai",Rohit Sharma,Aiden Markram,Cameron Green,"Mumbai Indians 2, Sunrisers Hyderabad 0",False,18,201,2,31,20,200,5,27,Green century and Madhwal four-for help Mumbai Indians finish fourth. Mumbai complete fourth 200+ chase this season and set up eliminator date with LSG,"Cameron Green,Rohit Sharma","Akash Madhwal,Chris Jordan","Ishan Kishan (WK),Rohit Sharma (UKN),Cameron Green (AR),Suryakumar Yadav (UKN),Tim David (UKN),Nehal Wadhera (UKN),Chris Jordan (BL),Piyush Chawla (AR),Jason Behrendorff (BL),Kumar Kartikeya (BL),Akash Madhwal (BL)","Vivrant Sharma (AR),Mayank Agarwal (UKN),Heinrich Klaasen (WK),Glenn Phillips (UKN),Aiden Markram (UKN),Harry Brook (UKN),Sanvir Singh (AR),Nitish Kumar Reddy (AR),Mayank Dagar (BL),Bhuvneshwar Kumar (BL),Umran Malik (BL),Kartik Tyagi (BL)","Mayank Agarwal,Vivrant Sharma","Bhuvneshwar Kumar,Mayank Dagar",21 May 2023 - day/night match (20-over match),KN Ananthapadmanabhan,Rod Tucker,Rohan Pandit,Pankaj Dharmani,Parashar Joshi
2023,1359544,Royal Challengers Bangalore v Gujarat Titans,RCB v GT,"70th Match (N), Indian Premier League at Bengaluru, May 21 2023",RCB,GT,GT,BOWL FIRST,197/5,198/4,197/5,198/4,GT,Titans won by 6 wkts (5b rem),2023-05-21T14:00Z,2023-05-22T23:59Z,57897,"M.Chinnaswamy Stadium, Bengaluru",Faf du Plessis,Hardik Pandya,Shubman Gill,"Gujarat Titans 2, Royal Challengers Bangalore 0",False,20,197,5,28,19.1,198,4,25,Gill's second straight century trumps Kohli's to knock RCB out of playoffs race. Gill's unbeaten 104 featured seven more sixes than Kohli's 101 not out,"Virat Kohli,Faf du Plessis","Mohammed Siraj,Harshal Patel","Virat Kohli (UKN),Faf du Plessis (UKN),Glenn Maxwell (AR),Mahipal Lomror (AR),Michael Bracewell (AR),Dinesh Karthik (UKN),Anuj Rawat (WK),Harshal Patel (BL),Wayne Parnell (BL),Vijaykumar Vyshak (BL),Mohammed Siraj (BL),Himanshu Sharma (BL)","Wriddhiman Saha (WK),Shubman Gill (UKN),Vijay Shankar (AR),Dasun Shanaka (AR),David Miller (UKN),Rahul Tewatia (AR),Hardik Pandya (AR),Rashid Khan (AR),Noor Ahmad (BL),Mohammed Shami (BL),Mohit Sharma (BL),Yash Dayal (BL)","Shubman Gill,Vijay Shankar","Noor Ahmad,Rashid Khan",21 May 2023 - night match (20-over match),Nitin Menon,Virender Sharma,Tapan Sharma,Javagal Srinath,VM  Dhokre
2023,1370350,Chennai Super Kings v Gujarat Titans,CSK v GT,"Qualifier 1 (N), Indian Premier League at Chennai, May 23 2023",CSK,GT,GT,BOWL FIRST,172/7,157,172/7,157,CSK,Super Kings won by 15 runs,2023-05-23T14:00Z,2023-05-24T23:59Z,58008,"MA Chidambaram Stadium, Chepauk, Chennai",MS Dhoni,Hardik Pandya,Ruturaj Gaikwad,None,False,20,172,7,18,20,157,10,18,"CSK squeeze the Titans to enter their tenth IPL final. The pitch was slow and offered turn, and the absence of dew meant that MS Dhoni and his bowlers were in their element at Chepauk","Ruturaj Gaikwad,Devon Conway","Ravindra Jadeja,Maheesh Theekshana","Ruturaj Gaikwad (UKN),Devon Conway (UKN),Shivam Dube (AR),Ajinkya Rahane (UKN),Ambati Rayudu (UKN),Ravindra Jadeja (AR),MS Dhoni (WK),Moeen Ali (AR),Deepak Chahar (BL),Tushar Deshpande (BL),Maheesh Theekshana (BL),Matheesha Pathirana (BL)","Wriddhiman Saha (WK),Shubman Gill (UKN),Hardik Pandya (AR),Dasun Shanaka (AR),David Miller (UKN),Vijay Shankar (AR),Rahul Tewatia (AR),Rashid Khan (AR),Darshan Nalkande (BL),Noor Ahmad (BL),Mohammed Shami (BL),Mohit Sharma (BL)","Shubman Gill,Rashid Khan","Mohammed Shami,Mohit Sharma",23 May 2023 - night match (20-over match),Anil Chaudhary,Chris Gaffaney,Bruce Oxenford,Manu Nayyar,Virender Sharma
2023,1370351,Lucknow Super Giants v Mumbai Indians,LSG v MI,"Eliminator (N), Indian Premier League at Chennai, May 24 2023",LSG,MI,MI,BAT FIRST,182/8,101,101,182/8,MI,Mumbai won by 81 runs,2023-05-24T14:00Z,2023-05-25T23:59Z,58008,"MA Chidambaram Stadium, Chepauk, Chennai",Krunal Pandya,Rohit Sharma,Akash Madhwal,None,False,16.3,101,10,11,20,182,8,23,"Mumbai in Qualifier 2 after Madhwal knocks LSG out with incredible 5 for 5. Mumbai did the simple things right to get to within two wins of a sixth title, while LSG lost the Eliminator for the second season running","Marcus Stoinis,Kyle Mayers","Naveen-ul-Haq,Yash Thakur","Kyle Mayers (AR),Prerak Mankad (AR),Krunal Pandya (AR),Marcus Stoinis (AR),Ayush Badoni (UKN),Nicholas Pooran (WK),Deepak Hooda (AR),Krishnappa Gowtham (AR),Ravi Bishnoi (BL),Naveen-ul-Haq (BL),Mohsin Khan (BL),Yash Thakur (BL)","Ishan Kishan (WK),Rohit Sharma (UKN),Cameron Green (AR),Suryakumar Yadav (UKN),Tilak Varma (AR),Tim David (UKN),Nehal Wadhera (UKN),Chris Jordan (BL),Hrithik Shokeen (BL),Piyush Chawla (AR),Jason Behrendorff (BL),Akash Madhwal (BL)","Cameron Green,Suryakumar Yadav","Akash Madhwal,Chris Jordan",24 May 2023 - night match (20-over match),Bruce Oxenford,Virender Sharma,Chris Gaffaney,Narayanan Kutty,Anil Chaudhary
2023,1370352,Gujarat Titans v Mumbai Indians,GT v MI,"Qualifier 2 (N), Indian Premier League at Ahmedabad, May 26 2023",GT,MI,MI,BOWL FIRST,233/3,171,233/3,171,GT,Titans won by 62 runs,2023-05-26T14:00Z,2023-05-27T23:59Z,57851,"Narendra Modi Stadium, Motera, Ahmedabad",Hardik Pandya,Rohit Sharma,Shubman Gill,None,False,20,233,3,31,18.2,171,10,24,,"Shubman Gill,Sai Sudharsan","Mohit Sharma,Rashid Khan","Wriddhiman Saha (WK),Shubman Gill (UKN),Sai Sudharsan (UKN),Hardik Pandya (AR),Rashid Khan (AR),David Miller (UKN),Rahul Tewatia (AR),Vijay Shankar (AR),Noor Ahmad (BL),Mohammed Shami (BL),Mohit Sharma (BL),Josh Little (BL)","Rohit Sharma (UKN),Nehal Wadhera (UKN),Cameron Green (AR),Suryakumar Yadav (UKN),Tilak Varma (AR),Vishnu Vinod (WK),Tim David (UKN),Chris Jordan (BL),Piyush Chawla (AR),Kumar Kartikeya (BL),Jason Behrendorff (BL),Ishan Kishan (UKN),Akash Madhwal (BL)","Suryakumar Yadav,Tilak Varma","Akash Madhwal,Piyush Chawla",26 May 2023 - night match (20-over match),Nitin Menon,Rod Tucker,Jayaraman Madanagopal,Javagal Srinath,KN Ananthapadmanabhan
2023,1370353,Gujarat Titans v Chennai Super Kings,GT v CSK,"Final (N), Indian Premier League at Ahmedabad, May 28-29 2023",GT,CSK,CSK,BOWL FIRST,214/4,171/5,214/4,171/5,CSK,Super Kings won by 5 wkts (0b rem) (DLS),2023-05-28T14:00Z,2023-05-30T23:59Z,57851,"Narendra Modi Stadium, Motera, Ahmedabad",Hardik Pandya,MS Dhoni,Devon Conway,None,False,20,214,4,29,15,171,5,21,"Jadeja's last-ball four seals fifth title for CSK in rollercoaster final. After a washed-out day and a long delay, CSK won a thriller off the final ball against Gujarat Titans to spark off celebrations in the early hours of Tuesday","Sai Sudharsan,Wriddhiman Saha","Mohit Sharma,Noor Ahmad","Wriddhiman Saha (WK),Shubman Gill (UKN),Sai Sudharsan (UKN),Hardik Pandya (AR),Rashid Khan (AR),Vijay Shankar (AR),David Miller (UKN),Rahul Tewatia (AR),Mohit Sharma (BL),Noor Ahmad (BL),Mohammed Shami (BL),Josh Little (BL)","Ruturaj Gaikwad (UKN),Devon Conway (UKN),Shivam Dube (AR),Ajinkya Rahane (UKN),Ambati Rayudu (UKN),MS Dhoni (WK),Ravindra Jadeja (AR),Moeen Ali (AR),Deepak Chahar (BL),Tushar Deshpande (BL),Maheesh Theekshana (BL),Matheesha Pathirana (BL)","Devon Conway,Shivam Dube","Matheesha Pathirana,Deepak Chahar","28,29 May 2023 - night match (20-over match)",Nitin Menon,Rod Tucker,KN Ananthapadmanabhan,Javagal Srinath,Jayaraman Madanagopal
